시간,Temp_1,Humidty_1,TVOC_1,CO2_1,Temp_2,Humidty_2,TVOC_2,CO2_2,Temp_3,Humidty_3,TVOC_3,CO2_3,Temp_4,Humidty_4,TVOC_4,CO2_4,Temp_5,Humidty_5,TVOC_5,CO2_5,Temp_6,Humidty_6,TVOC_6,CO2_6,Nori_TVOC,Nori_CO2,Smoke,Particle_PM1,Particle_PM2.5,Particle_10
2024-09-30 13:02:15,0,0,0,0,0,0,0,0,0,0,0,0,0,0,0,0,0,0,0,0,0,0,0,0,0,0,0,0,0,0
2024-09-30 13:02:25,0,0,0,0,0,0,0,0,0,0,0,0,0,0,0,0,0,0,0,0,31.78,30.49,326,810,0,400,6,0,0,0
2024-09-30 13:02:35,0,0,0,0,0,0,0,0,0,0,0,0,0,0,0,0,0,0,0,0,31.92,30.31,332,812,0,400,6,0,0,0
2024-09-30 13:02:45,0,0,0,0,0,0,0,0,0,0,0,0,0,0,0,0,0,0,0,0,32.07,30.13,310,804,9,411,6,0,0,0
2024-09-30 13:02:55,0,0,0,0,0,0,0,0,0,0,0,0,0,0,0,0,0,0,0,0,32.09,30.01,301,801,2,401,6,0,0,0
2024-09-30 13:03:05,0,0,0,0,0,0,0,0,0,0,0,0,0,0,0,0,0,0,0,0,32.21,29.83,277,781,2,440,6,0,0,0
2024-09-30 13:03:15,0,0,0,0,0,0,0,0,0,0,0,0,0,0,0,0,0,0,0,0,32.34,29.65,286,790,9,407,6,0,0,0
2024-09-30 13:03:25,0,0,0,0,0,0,0,0,0,0,0,0,0,0,0,0,0,0,0,0,32.35,29.56,298,800,2,431,6,0,0,0
2024-09-30 13:03:35,0,0,0,0,0,0,0,0,0,0,0,0,0,0,0,0,0,0,0,0,32.47,29.38,301,801,19,433,6,0,0,0
2024-09-30 13:03:45,0,0,0,0,0,0,0,0,0,0,0,0,0,0,0,0,0,0,0,0,32.56,29.29,304,803,10,431,6,0,0,0
2024-09-30 13:03:55,0,0,0,0,0,0,0,0,0,0,0,0,0,0,0,0,0,0,0,0,32.64,29.2,291,794,22,419,6,0,0,0
2024-09-30 13:04:06,0,0,0,0,0,0,0,0,0,0,0,0,0,0,0,0,0,0,0,0,32.7,29.1,275,779,20,407,6,0,0,0
2024-09-30 13:04:16,0,0,0,0,0,0,0,0,0,0,0,0,0,0,0,0,0,0,0,0,32.73,28.93,281,784,23,430,6,0,0,0
2024-09-30 13:04:26,0,0,0,0,0,0,0,0,0,0,0,0,0,0,0,0,0,0,0,0,32.83,28.81,285,788,17,420,6,0,0,0
2024-09-30 13:04:36,0,0,0,0,0,0,0,0,0,0,0,0,0,0,0,0,0,0,0,0,32.84,28.79,291,795,7,418,6,0,0,0
2024-09-30 13:04:46,0,0,0,0,0,0,0,0,0,0,0,0,0,0,0,0,0,0,0,0,32.83,28.74,288,791,28,442,6,0,0,0
2024-09-30 13:04:56,0,0,0,0,0,0,0,0,0,0,0,0,0,0,0,0,0,0,0,0,32.8,28.83,276,780,21,413,6,0,0,0
2024-09-30 13:05:06,0,0,0,0,0,0,0,0,0,0,0,0,0,0,0,0,0,0,0,0,32.82,29.18,285,788,18,412,6,0,0,0
2024-09-30 13:05:16,0,0,0,0,0,0,0,0,0,0,0,0,0,0,0,0,0,0,0,0,32.89,28.96,287,791,21,425,6,0,0,0
2024-09-30 13:05:26,0,0,0,0,0,0,0,0,0,0,0,0,0,0,0,0,0,0,0,0,32.88,29.15,295,799,19,424,6,0,0,0
2024-09-30 13:05:36,0,0,0,0,0,0,0,0,0,0,0,0,0,0,0,0,0,0,0,0,32.83,29.13,303,802,38,455,6,0,0,0
2024-09-30 13:05:46,0,0,0,0,0,0,0,0,0,0,0,0,0,0,0,0,0,0,0,0,32.84,29.06,297,800,35,449,6,0,0,0
2024-09-30 13:05:56,0,0,0,0,0,0,0,0,0,0,0,0,0,0,0,0,0,0,0,0,32.84,28.95,283,787,26,439,6,0,0,0
2024-09-30 13:06:06,0,0,0,0,0,0,0,0,0,0,0,0,0,0,0,0,0,0,0,0,32.83,28.96,265,768,25,406,6,0,0,0
2024-09-30 13:06:16,0,0,0,0,0,0,0,0,0,0,0,0,0,0,0,0,0,0,0,0,32.84,28.87,295,799,27,400,6,0,0,0
2024-09-30 13:06:26,0,0,0,0,0,0,0,0,0,0,0,0,0,0,0,0,0,0,0,0,32.93,28.8,272,775,29,423,6,0,0,0
2024-09-30 13:06:36,0,0,0,0,0,0,0,0,0,0,0,0,0,0,0,0,0,0,0,0,32.95,28.73,279,783,33,407,6,0,0,0
2024-09-30 13:06:46,0,0,0,0,0,0,0,0,0,0,0,0,0,0,0,0,0,0,0,0,32.99,28.64,279,782,26,422,6,0,0,0
2024-09-30 13:06:56,0,0,0,0,0,0,0,0,0,0,0,0,0,0,0,0,0,0,0,0,33.03,28.5,284,788,19,422,6,0,0,0
2024-09-30 13:07:06,0,0,0,0,0,0,0,0,0,0,0,0,0,0,0,0,0,0,0,0,33.08,28.45,272,776,19,403,6,0,0,0
2024-09-30 13:07:16,0,0,0,0,0,0,0,0,0,0,0,0,0,0,0,0,0,0,0,0,33.12,28.41,271,774,30,419,6,0,0,0
2024-09-30 13:07:26,0,0,0,0,0,0,0,0,0,0,0,0,0,0,0,0,0,0,0,0,33.06,28.36,291,795,24,412,6,0,0,0
2024-09-30 13:07:36,0,0,0,0,0,0,0,0,0,0,0,0,0,0,0,0,0,0,0,0,33.1,28.34,270,773,22,412,6,0,0,0
2024-09-30 13:07:46,0,0,0,0,0,0,0,0,0,0,0,0,0,0,0,0,0,0,0,0,33.1,28.33,289,792,24,417,6,0,0,0
2024-09-30 13:07:56,0,0,0,0,0,0,0,0,0,0,0,0,0,0,0,0,0,0,0,0,33.1,28.34,283,787,25,409,6,0,0,0
2024-09-30 13:08:06,0,0,0,0,0,0,0,0,0,0,0,0,0,0,0,0,0,0,0,0,33.04,28.33,280,784,20,415,6,0,0,0
2024-09-30 13:08:16,0,0,0,0,0,0,0,0,0,0,0,0,0,0,0,0,0,0,0,0,33.05,28.41,282,785,26,405,6,0,0,0
2024-09-30 13:08:26,0,0,0,0,0,0,0,0,0,0,0,0,0,0,0,0,0,0,0,0,33.08,28.31,282,786,25,431,6,0,0,0
2024-09-30 13:08:36,0,0,0,0,0,0,0,0,0,0,0,0,0,0,0,0,0,0,0,0,33.01,28.4,282,786,30,400,6,0,0,0
2024-09-30 13:08:46,0,0,0,0,0,0,0,0,0,0,0,0,0,0,0,0,0,0,0,0,32.91,28.54,306,803,19,425,6,0,0,0
2024-09-30 13:08:56,0,0,0,0,0,0,0,0,0,0,0,0,0,0,0,0,0,0,0,0,32.95,28.56,301,801,14,406,6,0,0,0
2024-09-30 13:09:06,0,0,0,0,0,0,0,0,0,0,0,0,0,0,0,0,0,0,0,0,32.95,28.53,293,797,20,400,6,0,0,0
2024-09-30 13:09:16,0,0,0,0,0,0,0,0,0,0,0,0,0,0,0,0,0,0,0,0,32.94,28.58,283,787,26,403,6,0,0,0
2024-09-30 13:09:26,0,0,0,0,0,0,0,0,0,0,0,0,0,0,0,0,0,0,0,0,32.93,28.53,301,801,32,407,6,0,0,0
2024-09-30 13:09:36,0,0,0,0,0,0,0,0,0,0,0,0,0,0,0,0,0,0,0,0,32.91,28.62,294,798,33,400,6,0,0,0
2024-09-30 13:09:46,0,0,0,0,0,0,0,0,0,0,0,0,0,0,0,0,0,0,0,0,32.97,28.68,301,801,28,400,6,0,0,0
2024-09-30 13:09:56,0,0,0,0,0,0,0,0,0,0,0,0,0,0,0,0,0,0,0,0,32.96,28.66,308,804,30,438,6,0,0,0
2024-09-30 13:10:06,0,0,0,0,0,0,0,0,0,0,0,0,0,0,0,0,0,0,0,0,32.96,28.61,306,803,52,466,6,0,0,0
2024-09-30 13:10:16,0,0,0,0,0,0,0,0,0,0,0,0,0,0,0,0,0,0,0,0,32.95,28.66,311,805,43,448,6,0,0,0
2024-09-30 13:10:26,0,0,0,0,0,0,0,0,0,0,0,0,0,0,0,0,0,0,0,0,32.91,28.68,322,809,46,455,6,0,0,0
2024-09-30 13:10:37,0,0,0,0,0,0,0,0,0,0,0,0,0,0,0,0,0,0,0,0,32.98,28.6,313,806,46,446,6,0,0,0
2024-09-30 13:10:47,0,0,0,0,0,0,0,0,0,0,0,0,0,0,0,0,0,0,0,0,33.03,28.55,327,810,49,453,6,0,0,0
2024-09-30 13:10:57,0,0,0,0,0,0,0,0,0,0,0,0,0,0,0,0,0,0,0,0,33.1,28.46,304,802,44,434,6,0,0,0
2024-09-30 13:11:07,0,0,0,0,0,0,0,0,0,0,0,0,0,0,0,0,0,0,0,0,32.99,28.92,317,807,29,429,6,0,0,0
2024-09-30 13:11:17,0,0,0,0,0,0,0,0,0,0,0,0,0,0,0,0,0,0,0,0,33.09,28.66,314,806,29,433,6,0,0,0
2024-09-30 13:11:27,0,0,0,0,0,0,0,0,0,0,0,0,0,0,0,0,0,0,0,0,33.11,28.59,316,806,37,427,6,0,0,0
2024-09-30 13:11:37,0,0,0,0,0,0,0,0,0,0,0,0,0,0,0,0,0,0,0,0,33.14,28.57,330,811,39,426,6,0,0,0
2024-09-30 13:11:47,0,0,0,0,0,0,0,0,0,0,0,0,0,0,0,0,0,0,0,0,33.2,28.37,306,803,39,407,6,0,0,0
2024-09-30 13:11:57,0,0,0,0,0,0,0,0,0,0,0,0,0,0,0,0,0,0,0,0,33.23,28.28,310,805,42,409,6,0,0,0
2024-09-30 13:12:07,0,0,0,0,0,0,0,0,0,0,0,0,0,0,0,0,0,0,0,0,33.31,28.22,318,807,33,403,6,0,0,0
2024-09-30 13:12:17,0,0,0,0,0,0,0,0,0,0,0,0,0,0,0,0,0,0,0,0,33.35,28.1,310,805,21,400,6,0,0,0
2024-09-30 13:12:27,0,0,0,0,0,0,0,0,0,0,0,0,0,0,0,0,0,0,0,0,33.3,28.16,298,800,28,400,6,0,0,0
2024-09-30 13:12:37,0,0,0,0,0,0,0,0,0,0,0,0,0,0,0,0,0,0,0,0,33.28,28.2,305,803,36,400,6,0,0,0
2024-09-30 13:12:47,0,0,0,0,0,0,0,0,0,0,0,0,0,0,0,0,0,0,0,0,33.34,28.19,296,800,19,400,6,0,0,0
2024-09-30 13:12:57,0,0,0,0,0,0,0,0,0,0,0,0,0,0,0,0,0,0,0,0,33.37,28.09,294,798,24,400,6,0,0,0
2024-09-30 13:13:07,0,0,0,0,0,0,0,0,0,0,0,0,0,0,0,0,0,0,0,0,33.36,28.12,287,791,26,418,6,0,0,0
2024-09-30 13:13:17,0,0,0,0,0,0,0,0,0,0,0,0,0,0,0,0,0,0,0,0,33.36,28.06,296,800,31,400,6,0,0,0
2024-09-30 13:13:27,0,0,0,0,0,0,0,0,0,0,0,0,0,0,0,0,0,0,0,0,33.41,27.99,292,796,41,400,6,0,0,0
2024-09-30 13:13:37,0,0,0,0,0,0,0,0,0,0,0,0,0,0,0,0,0,0,0,0,33.33,28.12,293,796,15,400,6,0,0,0
2024-09-30 13:13:47,0,0,0,0,0,0,0,0,0,0,0,0,0,0,0,0,0,0,0,0,33.29,28.1,293,797,27,400,6,0,0,0
2024-09-30 13:13:57,0,0,0,0,0,0,0,0,0,0,0,0,0,0,0,0,0,0,0,0,33.38,27.98,284,787,27,400,6,0,0,0
2024-09-30 13:14:07,0,0,0,0,0,0,0,0,0,0,0,0,0,0,0,0,0,0,0,0,33.34,28.02,284,787,14,400,6,0,0,0
2024-09-30 13:14:17,0,0,0,0,0,0,0,0,0,0,0,0,0,0,0,0,0,0,0,0,33.3,28.1,283,792,19,400,6,0,0,0
2024-09-30 13:14:27,0,0,0,0,0,0,0,0,0,0,0,0,0,0,0,0,0,0,0,0,33.34,28.11,288,792,30,400,6,0,0,0
2024-09-30 13:14:37,0,0,0,0,0,0,0,0,0,0,0,0,0,0,0,0,0,0,0,0,33.36,28.01,289,793,11,400,6,0,0,0
2024-09-30 13:14:47,0,0,0,0,0,0,0,0,0,0,0,0,0,0,0,0,0,0,0,0,33.37,28.82,291,795,17,400,6,0,0,0
2024-09-30 13:14:57,0,0,0,0,0,0,0,0,0,0,0,0,0,0,0,0,0,0,0,0,33.43,28.49,298,800,13,400,6,0,0,0
2024-09-30 13:15:08,0,0,0,0,0,0,0,0,0,0,0,0,0,0,0,0,0,0,0,0,33.47,28.77,363,823,24,448,6,0,0,0
2024-09-30 13:15:18,0,0,0,0,0,0,0,0,0,0,0,0,0,0,0,0,0,0,0,0,33.48,28.25,356,820,36,498,6,0,0,0
2024-09-30 13:15:28,0,0,0,0,0,0,0,0,0,0,0,0,0,0,0,0,0,0,0,0,33.45,28.04,316,806,31,460,6,0,0,0
2024-09-30 13:15:38,0,0,0,0,0,0,0,0,0,0,0,0,0,0,0,0,0,0,0,0,33.5,27.9,321,808,36,419,6,0,0,0
2024-09-30 13:15:48,0,0,0,0,0,0,0,0,0,0,0,0,0,0,0,0,0,0,0,0,33.49,27.93,289,793,36,401,6,0,0,0
2024-09-30 13:15:58,0,0,0,0,0,0,0,0,0,0,0,0,0,0,0,0,0,0,0,0,33.47,27.92,306,803,35,400,6,0,0,0
2024-09-30 13:16:08,0,0,0,0,0,0,0,0,0,0,0,0,0,0,0,0,0,0,0,0,33.45,27.97,296,800,36,402,6,0,0,0
2024-09-30 13:16:18,0,0,0,0,0,0,0,0,0,0,0,0,0,0,0,0,0,0,0,0,33.47,27.95,293,797,28,400,6,0,0,0
2024-09-30 13:16:28,0,0,0,0,0,0,0,0,0,0,0,0,0,0,0,0,0,0,0,0,33.47,27.88,281,784,36,406,6,0,0,0
2024-09-30 13:16:38,0,0,0,0,0,0,0,0,0,0,0,0,0,0,0,0,0,0,0,0,33.45,27.9,289,793,22,400,6,0,0,0
2024-09-30 13:16:48,0,0,0,0,0,0,0,0,0,0,0,0,0,0,0,0,0,0,0,0,33.43,27.87,293,797,33,400,6,0,0,0
2024-09-30 13:16:58,0,0,0,0,0,0,0,0,0,0,0,0,0,0,0,0,0,0,0,0,33.39,27.88,276,779,20,400,6,0,0,0
2024-09-30 13:17:08,0,0,0,0,0,0,0,0,0,0,0,0,0,0,0,0,0,0,0,0,33.45,27.85,304,802,23,400,6,0,0,0
2024-09-30 13:17:18,0,0,0,0,0,0,0,0,0,0,0,0,0,0,0,0,0,0,0,0,33.46,27.76,284,788,20,400,6,0,0,0
2024-09-30 13:17:28,0,0,0,0,0,0,0,0,0,0,0,0,0,0,0,0,0,0,0,0,33.47,27.79,289,793,17,400,6,0,0,0
2024-09-30 13:17:38,0,0,0,0,0,0,0,0,0,0,0,0,0,0,0,0,0,0,0,0,33.55,27.71,282,786,28,400,6,0,0,0
2024-09-30 13:17:48,0,0,0,0,0,0,0,0,0,0,0,0,0,0,0,0,0,0,0,0,33.47,27.73,274,777,28,400,6,0,0,0
2024-09-30 13:17:58,0,0,0,0,0,0,0,0,0,0,0,0,0,0,0,0,0,0,0,0,33.51,27.7,280,784,20,400,6,0,0,0
2024-09-30 13:18:08,0,0,0,0,0,0,0,0,0,0,0,0,0,0,0,0,0,0,0,0,33.48,27.7,268,771,19,400,6,0,0,0
2024-09-30 13:18:18,0,0,0,0,0,0,0,0,0,0,0,0,0,0,0,0,0,0,0,0,33.54,27.7,286,790,24,400,6,0,0,0
2024-09-30 13:18:28,0,0,0,0,0,0,0,0,0,0,0,0,0,0,0,0,0,0,0,0,33.52,27.69,272,775,11,400,6,0,0,0
2024-09-30 13:18:38,0,0,0,0,0,0,0,0,0,0,0,0,0,0,0,0,0,0,0,0,33.55,27.67,267,770,18,400,6,0,0,0
2024-09-30 13:18:48,0,0,0,0,0,0,0,0,0,0,0,0,0,0,0,0,0,0,0,0,33.53,27.65,267,770,10,400,6,0,0,0
2024-09-30 13:18:58,0,0,0,0,0,0,0,0,0,0,0,0,0,0,0,0,0,0,0,0,33.54,27.61,284,787,25,400,6,0,0,0
2024-09-30 13:19:08,0,0,0,0,0,0,0,0,0,0,0,0,0,0,0,0,0,0,0,0,33.52,27.61,285,789,16,400,6,0,0,0
2024-09-30 13:19:18,0,0,0,0,0,0,0,0,0,0,0,0,0,0,0,0,0,0,0,0,33.55,27.6,286,790,12,400,6,0,0,0
2024-09-30 13:19:29,0,0,0,0,0,0,0,0,0,0,0,0,0,0,0,0,0,0,0,0,33.6,27.55,262,765,16,400,6,0,0,0
2024-09-30 13:19:39,0,0,0,0,0,0,0,0,0,0,0,0,0,0,0,0,0,0,0,0,33.54,27.5,254,756,18,400,6,0,0,0
2024-09-30 13:19:49,0,0,0,0,0,0,0,0,0,0,0,0,0,0,0,0,0,0,0,0,33.53,27.59,265,768,10,400,6,0,0,0
2024-09-30 13:19:59,0,0,0,0,0,0,0,0,0,0,0,0,0,0,0,0,0,0,0,0,33.47,27.64,279,783,15,400,6,0,0,0
2024-09-30 13:20:09,0,0,0,0,0,0,0,0,0,0,0,0,0,0,0,0,0,0,0,0,33.39,27.79,277,781,17,400,6,0,0,0
2024-09-30 13:20:19,0,0,0,0,0,0,0,0,0,0,0,0,0,0,0,0,0,0,0,0,33.43,27.7,267,770,18,400,6,0,0,0
2024-09-30 13:20:29,0,0,0,0,0,0,0,0,0,0,0,0,0,0,0,0,0,0,0,0,33.34,27.81,278,781,8,400,6,0,0,0
2024-09-30 13:20:39,0,0,0,0,0,0,0,0,0,0,0,0,0,0,0,0,0,0,0,0,33.38,27.75,279,783,9,400,6,0,0,0
2024-09-30 13:20:49,0,0,0,0,0,0,0,0,0,0,0,0,0,0,0,0,0,0,0,0,33.45,27.69,265,768,2,400,6,0,0,0
2024-09-30 13:20:59,0,0,0,0,0,0,0,0,0,0,0,0,0,0,0,0,0,0,0,0,33.5,27.59,273,776,31,400,6,0,0,0
2024-09-30 13:21:09,0,0,0,0,0,0,0,0,0,0,0,0,0,0,0,0,0,0,0,0,33.49,27.61,254,755,12,400,6,0,0,0
2024-09-30 13:21:19,0,0,0,0,0,0,0,0,0,0,0,0,0,0,0,0,0,0,0,0,33.55,27.5,272,776,17,400,6,0,0,0
2024-09-30 13:21:29,0,0,0,0,0,0,0,0,0,0,0,0,0,0,0,0,0,0,0,0,33.46,27.56,265,768,0,400,6,0,0,0
2024-09-30 13:21:39,0,0,0,0,0,0,0,0,0,0,0,0,0,0,0,0,0,0,0,0,33.45,27.61,275,778,11,400,6,0,0,0
2024-09-30 13:21:49,0,0,0,0,0,0,0,0,0,0,0,0,0,0,0,0,0,0,0,0,33.49,27.61,251,752,6,400,6,0,0,0
2024-09-30 13:21:59,0,0,0,0,0,0,0,0,0,0,0,0,0,0,0,0,0,0,0,0,33.51,27.54,276,780,14,400,6,0,0,0
2024-09-30 13:22:09,0,0,0,0,0,0,0,0,0,0,0,0,0,0,0,0,0,0,0,0,33.52,27.49,256,758,15,400,6,0,0,0
2024-09-30 13:22:19,0,0,0,0,0,0,0,0,0,0,0,0,0,0,0,0,0,0,0,0,33.53,27.53,274,777,8,400,6,0,0,0
2024-09-30 13:22:29,0,0,0,0,0,0,0,0,0,0,0,0,0,0,0,0,0,0,0,0,33.52,27.5,272,775,11,400,6,0,0,0
2024-09-30 13:22:39,0,0,0,0,0,0,0,0,0,0,0,0,0,0,0,0,0,0,0,0,33.53,27.45,272,775,16,400,6,0,0,0
2024-09-30 13:22:49,0,0,0,0,0,0,0,0,0,0,0,0,0,0,0,0,0,0,0,0,33.48,27.55,262,765,1,400,6,0,0,0
2024-09-30 13:23:00,0,0,0,0,0,0,0,0,0,0,0,0,0,0,0,0,0,0,0,0,33.46,27.56,260,762,7,400,6,0,0,0
2024-09-30 13:23:10,0,0,0,0,0,0,0,0,0,0,0,0,0,0,0,0,0,0,0,0,33.49,27.54,258,760,11,400,6,0,0,0
2024-09-30 13:23:20,0,0,0,0,0,0,0,0,0,0,0,0,0,0,0,0,0,0,0,0,33.48,27.54,260,763,2,400,6,0,0,0
2024-09-30 13:23:30,0,0,0,0,0,0,0,0,0,0,0,0,0,0,0,0,0,0,0,0,33.49,27.53,264,766,1,400,6,0,0,0
2024-09-30 13:23:40,0,0,0,0,0,0,0,0,0,0,0,0,0,0,0,0,0,0,0,0,33.5,27.54,275,778,10,400,6,0,0,0
2024-09-30 13:23:50,0,0,0,0,0,0,0,0,0,0,0,0,0,0,0,0,0,0,0,0,33.47,27.58,261,764,21,400,6,0,0,0
2024-09-30 13:24:00,0,0,0,0,0,0,0,0,0,0,0,0,0,0,0,0,0,0,0,0,33.48,27.51,262,764,8,400,6,0,0,0
2024-09-30 13:24:10,0,0,0,0,0,0,0,0,0,0,0,0,0,0,0,0,0,0,0,0,33.52,27.46,255,757,8,400,6,0,0,0
2024-09-30 13:24:20,0,0,0,0,0,0,0,0,0,0,0,0,0,0,0,0,0,0,0,0,33.5,27.53,263,766,9,400,6,0,0,0
2024-09-30 13:24:30,0,0,0,0,0,0,0,0,0,0,0,0,0,0,0,0,0,0,0,0,33.5,27.48,268,771,6,400,6,0,0,0
2024-09-30 13:24:40,0,0,0,0,0,0,0,0,0,0,0,0,0,0,0,0,0,0,0,0,33.51,27.44,254,756,10,400,6,0,0,0
2024-09-30 13:24:50,0,0,0,0,0,0,0,0,0,0,0,0,0,0,0,0,0,0,0,0,33.52,27.5,243,744,9,400,6,0,0,0
2024-09-30 13:25:00,0,0,0,0,0,0,0,0,0,0,0,0,0,0,0,0,0,0,0,0,33.51,27.45,255,757,8,400,6,0,0,0
2024-09-30 13:25:10,0,0,0,0,0,0,0,0,0,0,0,0,0,0,0,0,0,0,0,0,33.49,27.47,269,772,0,400,6,0,0,0
2024-09-30 13:25:20,0,0,0,0,0,0,0,0,0,0,0,0,0,0,0,0,0,0,0,0,33.47,27.52,249,751,18,400,6,0,0,0
2024-09-30 13:25:30,0,0,0,0,0,0,0,0,0,0,0,0,0,0,0,0,0,0,0,0,33.49,27.48,263,766,0,400,6,0,0,0
2024-09-30 13:25:40,0,0,0,0,0,0,0,0,0,0,0,0,0,0,0,0,0,0,0,0,33.46,27.45,254,756,2,400,6,0,0,0
2024-09-30 13:25:50,0,0,0,0,0,0,0,0,0,0,0,0,0,0,0,0,0,0,0,0,33.46,27.49,261,763,6,400,6,0,0,0
2024-09-30 13:26:00,0,0,0,0,0,0,0,0,0,0,0,0,0,0,0,0,0,0,0,0,33.51,27.41,264,766,4,400,6,0,0,0
2024-09-30 13:26:10,0,0,0,0,0,0,0,0,0,0,0,0,0,0,0,0,0,0,0,0,33.48,27.47,259,762,14,400,6,0,0,0
2024-09-30 13:26:20,0,0,0,0,0,0,0,0,0,0,0,0,0,0,0,0,0,0,0,0,33.48,27.45,254,756,3,400,6,0,0,0
2024-09-30 13:26:31,0,0,0,0,0,0,0,0,0,0,0,0,0,0,0,0,0,0,0,0,33.53,27.36,256,758,8,400,6,0,0,0
2024-09-30 13:26:41,0,0,0,0,0,0,0,0,0,0,0,0,0,0,0,0,0,0,0,0,33.58,27.32,255,758,16,400,6,0,0,0
2024-09-30 13:26:51,0,0,0,0,0,0,0,0,0,0,0,0,0,0,0,0,0,0,0,0,33.57,27.28,261,764,6,400,6,0,0,0
2024-09-30 13:27:01,0,0,0,0,0,0,0,0,0,0,0,0,0,0,0,0,0,0,0,0,33.6,27.25,255,757,20,400,6,0,0,0
2024-09-30 13:27:11,0,0,0,0,0,0,0,0,0,0,0,0,0,0,0,0,0,0,0,0,33.57,27.31,251,753,0,400,6,0,0,0
2024-09-30 13:27:21,0,0,0,0,0,0,0,0,0,0,0,0,0,0,0,0,0,0,0,0,33.48,27.39,261,764,12,400,6,0,0,0
2024-09-30 13:27:31,0,0,0,0,0,0,0,0,0,0,0,0,0,0,0,0,0,0,0,0,33.47,27.43,253,755,7,400,6,0,0,0
2024-09-30 13:27:41,0,0,0,0,0,0,0,0,0,0,0,0,0,0,0,0,0,0,0,0,33.43,27.45,256,758,0,400,6,0,0,0
2024-09-30 13:27:51,0,0,0,0,0,0,0,0,0,0,0,0,0,0,0,0,0,0,0,0,33.43,27.5,251,752,13,400,6,0,0,0
2024-09-30 13:28:01,0,0,0,0,0,0,0,0,0,0,0,0,0,0,0,0,0,0,0,0,33.46,27.52,264,767,21,400,6,0,0,0
2024-09-30 13:28:11,0,0,0,0,0,0,0,0,0,0,0,0,0,0,0,0,0,0,0,0,33.53,27.43,255,757,1,400,6,0,0,0
2024-09-30 13:28:21,0,0,0,0,0,0,0,0,0,0,0,0,0,0,0,0,0,0,0,0,33.51,27.39,251,753,3,400,6,0,0,0
2024-09-30 13:28:31,0,0,0,0,0,0,0,0,0,0,0,0,0,0,0,0,0,0,0,0,33.51,27.44,258,760,0,400,6,0,0,0
2024-09-30 13:28:41,0,0,0,0,0,0,0,0,0,0,0,0,0,0,0,0,0,0,0,0,33.49,27.47,259,761,5,400,6,0,0,0
2024-09-30 13:28:51,0,0,0,0,0,0,0,0,0,0,0,0,0,0,0,0,0,0,0,0,33.44,27.54,248,749,2,400,6,0,0,0
2024-09-30 13:29:01,0,0,0,0,0,0,0,0,0,0,0,0,0,0,0,0,0,0,0,0,33.47,27.53,258,760,19,400,6,0,0,0
2024-09-30 13:29:11,0,0,0,0,0,0,0,0,0,0,0,0,0,0,0,0,0,0,0,0,33.44,27.64,245,746,1,400,6,0,0,0
2024-09-30 13:29:21,0,0,0,0,0,0,0,0,0,0,0,0,0,0,0,0,0,0,0,0,33.46,27.63,254,756,28,400,6,0,0,0
2024-09-30 13:29:31,0,0,0,0,0,0,0,0,0,0,0,0,0,0,0,0,0,0,0,0,33.49,27.66,257,760,24,400,6,0,0,0
2024-09-30 13:29:41,0,0,0,0,0,0,0,0,0,0,0,0,0,0,0,0,0,0,0,0,33.52,27.58,266,769,16,400,6,0,0,0
2024-09-30 13:29:52,0,0,0,0,0,0,0,0,0,0,0,0,0,0,0,0,0,0,0,0,33.54,27.54,238,738,17,400,6,0,0,0
2024-09-30 13:30:02,0,0,0,0,0,0,0,0,0,0,0,0,0,0,0,0,0,0,0,0,33.63,27.49,251,752,0,400,6,0,0,0
2024-09-30 13:30:12,0,0,0,0,0,0,0,0,0,0,0,0,0,0,0,0,0,0,0,0,33.57,27.55,265,768,13,400,6,0,0,0
2024-09-30 13:30:22,0,0,0,0,0,0,0,0,0,0,0,0,0,0,0,0,0,0,0,0,33.52,27.6,253,755,5,400,6,0,0,0
2024-09-30 13:30:32,0,0,0,0,0,0,0,0,0,0,0,0,0,0,0,0,0,0,0,0,33.54,27.56,256,758,8,400,6,0,0,0
2024-09-30 13:30:42,0,0,0,0,0,0,0,0,0,0,0,0,0,0,0,0,0,0,0,0,33.62,27.55,243,743,18,400,6,0,0,0
2024-09-30 13:30:52,0,0,0,0,0,0,0,0,0,0,0,0,0,0,0,0,0,0,0,0,33.64,27.47,246,747,19,400,6,0,0,0
2024-09-30 13:31:02,0,0,0,0,0,0,0,0,0,0,0,0,0,0,0,0,0,0,0,0,33.64,27.48,270,773,2,400,6,0,0,0
2024-09-30 13:31:12,0,0,0,0,0,0,0,0,0,0,0,0,0,0,0,0,0,0,0,0,33.64,27.49,252,754,0,400,6,0,0,0
2024-09-30 13:31:22,0,0,0,0,0,0,0,0,0,0,0,0,0,0,0,0,0,0,0,0,33.61,27.55,244,745,14,400,6,0,0,0
2024-09-30 13:31:32,0,0,0,0,0,0,0,0,0,0,0,0,0,0,0,0,0,0,0,0,33.62,27.61,241,742,9,400,6,0,0,0
2024-09-30 13:31:42,0,0,0,0,0,0,0,0,0,0,0,0,0,0,0,0,0,0,0,0,33.58,27.59,249,750,23,400,6,0,0,0
2024-09-30 13:31:52,0,0,0,0,0,0,0,0,0,0,0,0,0,0,0,0,0,0,0,0,33.61,27.56,252,753,1,400,6,0,0,0
2024-09-30 13:32:02,0,0,0,0,0,0,0,0,0,0,0,0,0,0,0,0,0,0,0,0,33.63,27.53,249,751,11,400,6,0,0,0
2024-09-30 13:32:12,0,0,0,0,0,0,0,0,0,0,0,0,0,0,0,0,0,0,0,0,33.66,27.51,260,762,24,400,6,0,0,0
2024-09-30 13:32:22,0,0,0,0,0,0,0,0,0,0,0,0,0,0,0,0,0,0,0,0,33.65,27.57,246,747,19,400,6,0,0,0
2024-09-30 13:32:32,0,0,0,0,0,0,0,0,0,0,0,0,0,0,0,0,0,0,0,0,33.64,27.6,248,749,12,400,6,0,0,0
2024-09-30 13:32:42,0,0,0,0,0,0,0,0,0,0,0,0,0,0,0,0,0,0,0,0,33.71,27.47,237,736,10,400,6,0,0,0
2024-09-30 13:32:52,0,0,0,0,0,0,0,0,0,0,0,0,0,0,0,0,0,0,0,0,33.72,27.53,244,744,12,400,6,0,0,0
2024-09-30 13:33:03,0,0,0,0,0,0,0,0,0,0,0,0,0,0,0,0,0,0,0,0,33.77,27.43,257,759,6,400,6,0,0,0
2024-09-30 13:33:13,0,0,0,0,0,0,0,0,0,0,0,0,0,0,0,0,0,0,0,0,33.75,27.43,259,762,12,400,6,0,0,0
2024-09-30 13:33:23,0,0,0,0,0,0,0,0,0,0,0,0,0,0,0,0,0,0,0,0,33.76,27.4,249,750,22,400,6,0,0,0
2024-09-30 13:33:33,0,0,0,0,0,0,0,0,0,0,0,0,0,0,0,0,0,0,0,0,33.73,27.43,246,747,18,400,6,0,0,0
2024-09-30 13:33:43,0,0,0,0,0,0,0,0,0,0,0,0,0,0,0,0,0,0,0,0,33.72,27.42,255,757,10,400,6,0,0,0
2024-09-30 13:33:53,0,0,0,0,0,0,0,0,0,0,0,0,0,0,0,0,0,0,0,0,33.69,27.46,264,767,8,400,6,0,0,0
2024-09-30 13:34:03,0,0,0,0,0,0,0,0,0,0,0,0,0,0,0,0,0,0,0,0,33.6,27.51,253,755,9,400,6,0,0,0
2024-09-30 13:34:13,0,0,0,0,0,0,0,0,0,0,0,0,0,0,0,0,0,0,0,0,33.61,27.56,250,752,19,400,6,0,0,0
2024-09-30 13:34:23,0,0,0,0,0,0,0,0,0,0,0,0,0,0,0,0,0,0,0,0,33.63,27.48,240,740,5,400,6,0,0,0
2024-09-30 13:34:33,0,0,0,0,0,0,0,0,0,0,0,0,0,0,0,0,0,0,0,0,33.64,27.45,223,721,2,400,6,0,0,0
2024-09-30 13:34:43,0,0,0,0,0,0,0,0,0,0,0,0,0,0,0,0,0,0,0,0,33.72,27.41,239,739,5,400,6,0,0,0
2024-09-30 13:34:53,0,0,0,0,0,0,0,0,0,0,0,0,0,0,0,0,0,0,0,0,33.76,27.28,245,746,21,400,6,0,0,0
2024-09-30 13:35:03,0,0,0,0,0,0,0,0,0,0,0,0,0,0,0,0,0,0,0,0,33.77,27.22,247,749,5,400,6,0,0,0
2024-09-30 13:35:13,0,0,0,0,0,0,0,0,0,0,0,0,0,0,0,0,0,0,0,0,33.75,27.24,223,721,16,400,6,0,0,0
2024-09-30 13:35:23,0,0,0,0,0,0,0,0,0,0,0,0,0,0,0,0,0,0,0,0,33.77,27.25,237,737,12,400,6,0,0,0
2024-09-30 13:35:33,0,0,0,0,0,0,0,0,0,0,0,0,0,0,0,0,0,0,0,0,33.72,27.25,245,746,13,400,6,0,0,0
2024-09-30 13:35:43,0,0,0,0,0,0,0,0,0,0,0,0,0,0,0,0,0,0,0,0,33.58,27.44,248,749,2,400,6,0,0,0
2024-09-30 13:35:54,0,0,0,0,0,0,0,0,0,0,0,0,0,0,0,0,0,0,0,0,33.52,27.52,244,745,22,400,6,0,0,0
2024-09-30 13:36:04,0,0,0,0,0,0,0,0,0,0,0,0,0,0,0,0,0,0,0,0,33.51,27.6,240,740,6,400,6,0,0,0
2024-09-30 13:36:14,0,0,0,0,0,0,0,0,0,0,0,0,0,0,0,0,0,0,0,0,33.55,27.52,250,752,16,402,6,0,0,0
2024-09-30 13:36:24,0,0,0,0,0,0,0,0,0,0,0,0,0,0,0,0,0,0,0,0,33.51,27.55,225,723,18,400,6,0,0,0
2024-09-30 13:36:34,0,0,0,0,0,0,0,0,0,0,0,0,0,0,0,0,0,0,0,0,33.62,27.4,236,736,6,400,6,0,0,0
2024-09-30 13:36:44,0,0,0,0,0,0,0,0,0,0,0,0,0,0,0,0,0,0,0,0,33.61,27.45,245,746,0,400,6,0,0,0
2024-09-30 13:36:54,0,0,0,0,0,0,0,0,0,0,0,0,0,0,0,0,0,0,0,0,33.62,27.41,247,748,4,400,6,0,0,0
2024-09-30 13:37:04,0,0,0,0,0,0,0,0,0,0,0,0,0,0,0,0,0,0,0,0,33.68,27.34,228,727,5,400,6,0,0,0
2024-09-30 13:37:14,0,0,0,0,0,0,0,0,0,0,0,0,0,0,0,0,0,0,0,0,33.72,27.29,239,740,25,400,6,0,0,0
2024-09-30 13:37:24,0,0,0,0,0,0,0,0,0,0,0,0,0,0,0,0,0,0,0,0,33.73,27.2,239,740,18,400,6,0,0,0
2024-09-30 13:37:34,0,0,0,0,0,0,0,0,0,0,0,0,0,0,0,0,0,0,0,0,33.68,27.2,240,741,3,400,6,0,0,0
2024-09-30 13:37:44,0,0,0,0,0,0,0,0,0,0,0,0,0,0,0,0,0,0,0,0,33.66,27.24,248,749,4,400,6,0,0,0
2024-09-30 13:37:54,0,0,0,0,0,0,0,0,0,0,0,0,0,0,0,0,0,0,0,0,33.65,27.29,245,746,8,400,6,0,0,0
2024-09-30 13:38:04,0,0,0,0,0,0,0,0,0,0,0,0,0,0,0,0,0,0,0,0,33.64,27.31,247,748,19,400,6,0,0,0
2024-09-30 13:38:14,0,0,0,0,0,0,0,0,0,0,0,0,0,0,0,0,0,0,0,0,33.55,27.34,249,750,10,400,6,0,0,0
2024-09-30 13:38:24,0,0,0,0,0,0,0,0,0,0,0,0,0,0,0,0,0,0,0,0,33.53,27.41,216,712,1,400,6,0,0,0
2024-09-30 13:38:34,0,0,0,0,0,0,0,0,0,0,0,0,0,0,0,0,0,0,0,0,33.45,27.49,240,740,0,400,6,0,0,0
2024-09-30 13:38:44,0,0,0,0,0,0,0,0,0,0,0,0,0,0,0,0,0,0,0,0,33.41,27.59,228,726,10,400,6,0,0,0
2024-09-30 13:38:54,0,0,0,0,0,0,0,0,0,0,0,0,0,0,0,0,0,0,0,0,33.42,27.58,237,737,9,400,6,0,0,0
2024-09-30 13:39:05,0,0,0,0,0,0,0,0,0,0,0,0,0,0,0,0,0,0,0,0,33.39,27.56,239,739,11,400,6,0,0,0
2024-09-30 13:39:15,0,0,0,0,0,0,0,0,0,0,0,0,0,0,0,0,0,0,0,0,33.41,27.6,240,741,0,400,6,0,0,0
2024-09-30 13:39:25,0,0,0,0,0,0,0,0,0,0,0,0,0,0,0,0,0,0,0,0,33.43,27.54,231,730,17,400,6,0,0,0
2024-09-30 13:39:35,0,0,0,0,0,0,0,0,0,0,0,0,0,0,0,0,0,0,0,0,33.43,27.54,238,738,21,400,6,0,0,0
2024-09-30 13:39:45,0,0,0,0,0,0,0,0,0,0,0,0,0,0,0,0,0,0,0,0,33.36,27.58,243,744,0,400,6,0,0,0
2024-09-30 13:39:55,0,0,0,0,0,0,0,0,0,0,0,0,0,0,0,0,0,0,0,0,33.38,27.59,235,735,0,400,6,0,0,0
2024-09-30 13:40:05,0,0,0,0,0,0,0,0,0,0,0,0,0,0,0,0,0,0,0,0,33.54,27.35,240,740,4,400,6,0,0,0
2024-09-30 13:40:15,0,0,0,0,0,0,0,0,0,0,0,0,0,0,0,0,0,0,0,0,33.66,27.21,229,728,16,400,6,0,0,0
2024-09-30 13:40:25,0,0,0,0,0,0,0,0,0,0,0,0,0,0,0,0,0,0,0,0,33.76,27.06,230,728,21,400,6,0,0,0
2024-09-30 13:40:35,0,0,0,0,0,0,0,0,0,0,0,0,0,0,0,0,0,0,0,0,33.8,26.92,242,743,15,400,6,0,0,0
2024-09-30 13:40:45,0,0,0,0,0,0,0,0,0,0,0,0,0,0,0,0,0,0,0,0,33.85,26.86,237,737,7,400,6,0,0,0
2024-09-30 13:40:55,0,0,0,0,0,0,0,0,0,0,0,0,0,0,0,0,0,0,0,0,33.88,26.78,235,735,2,400,6,0,0,0
2024-09-30 13:41:05,0,0,0,0,0,0,0,0,0,0,0,0,0,0,0,0,0,0,0,0,33.89,26.76,252,754,17,400,6,0,0,0
2024-09-30 13:41:15,0,0,0,0,0,0,0,0,0,0,0,0,0,0,0,0,0,0,0,0,33.92,26.7,231,731,10,400,6,0,0,0
2024-09-30 13:41:25,0,0,0,0,0,0,0,0,0,0,0,0,0,0,0,0,0,0,0,0,33.91,26.71,225,723,7,400,6,0,0,0
2024-09-30 13:41:35,0,0,0,0,0,0,0,0,0,0,0,0,0,0,0,0,0,0,0,0,33.78,26.83,234,734,7,400,6,0,0,0
2024-09-30 13:41:46,0,0,0,0,0,0,0,0,0,0,0,0,0,0,0,0,0,0,0,0,33.67,26.96,243,744,13,400,6,0,0,0
2024-09-30 13:41:56,0,0,0,0,0,0,0,0,0,0,0,0,0,0,0,0,0,0,0,0,33.67,26.99,217,714,8,400,6,0,0,0
2024-09-30 13:42:06,0,0,0,0,0,0,0,0,0,0,0,0,0,0,0,0,0,0,0,0,33.74,26.97,243,744,0,400,6,0,0,0
2024-09-30 13:42:16,0,0,0,0,0,0,0,0,0,0,0,0,0,0,0,0,0,0,0,0,33.74,26.92,241,741,10,400,6,0,0,0
2024-09-30 13:42:26,0,0,0,0,0,0,0,0,0,0,0,0,0,0,0,0,0,0,0,0,33.73,26.87,244,745,23,400,6,0,0,0
2024-09-30 13:42:36,0,0,0,0,0,0,0,0,0,0,0,0,0,0,0,0,0,0,0,0,33.74,26.93,231,730,16,400,6,0,0,0
2024-09-30 13:42:46,0,0,0,0,0,0,0,0,0,0,0,0,0,0,0,0,0,0,0,0,33.74,26.91,223,721,16,400,6,0,0,0
2024-09-30 13:42:56,0,0,0,0,0,0,0,0,0,0,0,0,0,0,0,0,0,0,0,0,33.75,26.88,231,730,9,400,6,0,0,0
2024-09-30 13:43:06,0,0,0,0,0,0,0,0,0,0,0,0,0,0,0,0,0,0,0,0,33.73,26.94,223,721,0,400,6,0,0,0
2024-09-30 13:43:16,0,0,0,0,0,0,0,0,0,0,0,0,0,0,0,0,0,0,0,0,33.74,26.88,234,733,10,400,6,0,0,0
2024-09-30 13:43:26,0,0,0,0,0,0,0,0,0,0,0,0,0,0,0,0,0,0,0,0,33.71,26.93,235,734,20,400,6,0,0,0
2024-09-30 13:43:36,0,0,0,0,0,0,0,0,0,0,0,0,0,0,0,0,0,0,0,0,33.71,26.93,238,738,4,400,6,0,0,0
2024-09-30 13:43:46,0,0,0,0,0,0,0,0,0,0,0,0,0,0,0,0,0,0,0,0,33.7,26.88,224,722,6,400,6,0,0,0
2024-09-30 13:43:56,0,0,0,0,0,0,0,0,0,0,0,0,0,0,0,0,0,0,0,0,33.67,26.97,231,730,18,400,6,0,0,0
2024-09-30 13:44:06,0,0,0,0,0,0,0,0,0,0,0,0,0,0,0,0,0,0,0,0,33.69,26.96,223,721,10,400,6,0,0,0
2024-09-30 13:44:16,0,0,0,0,0,0,0,0,0,0,0,0,0,0,0,0,0,0,0,0,33.68,27.01,234,733,8,400,6,0,0,0
2024-09-30 13:44:26,0,0,0,0,0,0,0,0,0,0,0,0,0,0,0,0,0,0,0,0,33.64,26.95,237,737,17,400,6,0,0,0
2024-09-30 13:44:37,0,0,0,0,0,0,0,0,0,0,0,0,0,0,0,0,0,0,0,0,33.66,26.98,222,720,14,400,6,0,0,0
2024-09-30 13:44:47,0,0,0,0,0,0,0,0,0,0,0,0,0,0,0,0,0,0,0,0,33.7,26.88,216,713,5,400,6,0,0,0
2024-09-30 13:44:57,0,0,0,0,0,0,0,0,0,0,0,0,0,0,0,0,0,0,0,0,33.68,26.92,228,727,18,400,6,0,0,0
2024-09-30 13:45:07,0,0,0,0,0,0,0,0,0,0,0,0,0,0,0,0,0,0,0,0,33.71,26.89,219,716,6,400,6,0,0,0
2024-09-30 13:45:17,0,0,0,0,0,0,0,0,0,0,0,0,0,0,0,0,0,0,0,0,33.66,26.92,228,726,15,400,6,0,0,0
2024-09-30 13:45:27,0,0,0,0,0,0,0,0,0,0,0,0,0,0,0,0,0,0,0,0,33.56,27.05,220,717,2,400,6,0,0,0
2024-09-30 13:45:37,0,0,0,0,0,0,0,0,0,0,0,0,0,0,0,0,0,0,0,0,33.55,27.1,221,718,2,400,6,0,0,0
2024-09-30 13:45:47,0,0,0,0,0,0,0,0,0,0,0,0,0,0,0,0,0,0,0,0,33.5,27.14,214,710,7,400,6,0,0,0
2024-09-30 13:45:57,0,0,0,0,0,0,0,0,0,0,0,0,0,0,0,0,0,0,0,0,33.45,27.24,221,718,7,400,6,0,0,0
2024-09-30 13:46:07,0,0,0,0,0,0,0,0,0,0,0,0,0,0,0,0,0,0,0,0,33.41,27.25,229,728,9,400,6,0,0,0
2024-09-30 13:46:17,0,0,0,0,0,0,0,0,0,0,0,0,0,0,0,0,0,0,0,0,33.39,27.35,226,724,4,400,6,0,0,0
2024-09-30 13:46:27,0,0,0,0,0,0,0,0,0,0,0,0,0,0,0,0,0,0,0,0,33.38,27.36,240,741,7,400,6,0,0,0
2024-09-30 13:46:37,0,0,0,0,0,0,0,0,0,0,0,0,0,0,0,0,0,0,0,0,33.38,27.36,224,722,1,400,6,0,0,0
2024-09-30 13:46:47,0,0,0,0,0,0,0,0,0,0,0,0,0,0,0,0,0,0,0,0,33.41,27.34,222,719,3,400,6,0,0,0
2024-09-30 13:46:57,0,0,0,0,0,0,0,0,0,0,0,0,0,0,0,0,0,0,0,0,33.45,27.3,224,723,12,400,6,0,0,0
2024-09-30 13:47:07,0,0,0,0,0,0,0,0,0,0,0,0,0,0,0,0,0,0,0,0,33.5,27.28,215,711,23,400,6,0,0,0
2024-09-30 13:47:18,0,0,0,0,0,0,0,0,0,0,0,0,0,0,0,0,0,0,0,0,33.51,27.25,236,736,1,400,6,0,0,0
2024-09-30 13:47:28,0,0,0,0,0,0,0,0,0,0,0,0,0,0,0,0,0,0,0,0,33.55,27.25,225,723,6,400,6,0,0,0
2024-09-30 13:47:38,0,0,0,0,0,0,0,0,0,0,0,0,0,0,0,0,0,0,0,0,33.53,27.21,234,734,1,400,6,0,0,0
2024-09-30 13:47:48,0,0,0,0,0,0,0,0,0,0,0,0,0,0,0,0,0,0,0,0,33.52,27.26,223,721,13,400,6,0,0,0
2024-09-30 13:47:58,0,0,0,0,0,0,0,0,0,0,0,0,0,0,0,0,0,0,0,0,33.52,27.24,218,715,15,400,6,0,0,0
2024-09-30 13:48:08,0,0,0,0,0,0,0,0,0,0,0,0,0,0,0,0,0,0,0,0,33.59,27.22,220,718,10,400,6,0,0,0
2024-09-30 13:48:18,0,0,0,0,0,0,0,0,0,0,0,0,0,0,0,0,0,0,0,0,33.6,27.16,244,745,11,400,6,0,0,0
2024-09-30 13:48:28,0,0,0,0,0,0,0,0,0,0,0,0,0,0,0,0,0,0,0,0,33.66,27.15,225,723,12,400,6,0,0,0
2024-09-30 13:48:38,0,0,0,0,0,0,0,0,0,0,0,0,0,0,0,0,0,0,0,0,33.67,27.12,220,717,24,400,6,0,0,0
2024-09-30 13:48:48,0,0,0,0,0,0,0,0,0,0,0,0,0,0,0,0,0,0,0,0,33.63,27.15,222,720,10,400,6,0,0,0
2024-09-30 13:48:58,0,0,0,0,0,0,0,0,0,0,0,0,0,0,0,0,0,0,0,0,33.65,27.13,226,724,20,400,6,0,0,0
2024-09-30 13:49:08,0,0,0,0,0,0,0,0,0,0,0,0,0,0,0,0,0,0,0,0,33.66,27.15,223,721,12,400,6,0,0,0
2024-09-30 13:49:18,0,0,0,0,0,0,0,0,0,0,0,0,0,0,0,0,0,0,0,0,33.69,27.09,237,738,16,400,6,0,0,0
2024-09-30 13:49:28,0,0,0,0,0,0,0,0,0,0,0,0,0,0,0,0,0,0,0,0,33.69,27.09,224,723,8,400,6,0,0,0
2024-09-30 13:49:38,0,0,0,0,0,0,0,0,0,0,0,0,0,0,0,0,0,0,0,0,33.73,27.05,222,720,13,400,6,0,0,0
2024-09-30 13:49:49,0,0,0,0,0,0,0,0,0,0,0,0,0,0,0,0,0,0,0,0,33.71,27.05,230,729,21,400,6,0,0,0
2024-09-30 13:49:59,0,0,0,0,0,0,0,0,0,0,0,0,0,0,0,0,0,0,0,0,33.71,27.06,233,732,14,400,6,0,0,0
2024-09-30 13:50:09,0,0,0,0,0,0,0,0,0,0,0,0,0,0,0,0,0,0,0,0,33.68,27.13,213,709,5,400,6,0,0,0
2024-09-30 13:50:19,0,0,0,0,0,0,0,0,0,0,0,0,0,0,0,0,0,0,0,0,33.72,27.13,229,728,22,400,6,0,0,0
2024-09-30 13:50:29,0,0,0,0,0,0,0,0,0,0,0,0,0,0,0,0,0,0,0,0,33.72,27.1,219,716,22,400,6,0,0,0
2024-09-30 13:50:39,0,0,0,0,0,0,0,0,0,0,0,0,0,0,0,0,0,0,0,0,33.82,27.01,212,708,3,400,6,0,0,0
2024-09-30 13:50:49,0,0,0,0,0,0,0,0,0,0,0,0,0,0,0,0,0,0,0,0,33.7,27.11,224,722,22,400,6,0,0,0
2024-09-30 13:50:59,0,0,0,0,0,0,0,0,0,0,0,0,0,0,0,0,0,0,0,0,33.7,27.11,217,714,8,400,6,0,0,0
2024-09-30 13:51:09,0,0,0,0,0,0,0,0,0,0,0,0,0,0,0,0,0,0,0,0,33.72,27.11,232,732,20,400,6,0,0,0
2024-09-30 13:51:19,0,0,0,0,0,0,0,0,0,0,0,0,0,0,0,0,0,0,0,0,33.69,27.11,217,714,3,400,6,0,0,0
2024-09-30 13:51:29,0,0,0,0,0,0,0,0,0,0,0,0,0,0,0,0,0,0,0,0,33.65,27.15,233,733,15,400,6,0,0,0
2024-09-30 13:51:39,0,0,0,0,0,0,0,0,0,0,0,0,0,0,0,0,0,0,0,0,33.72,27.1,225,724,11,400,6,0,0,0
2024-09-30 13:51:49,0,0,0,0,0,0,0,0,0,0,0,0,0,0,0,0,0,0,0,0,33.67,27.14,219,716,5,400,6,0,0,0
2024-09-30 13:51:59,0,0,0,0,0,0,0,0,0,0,0,0,0,0,0,0,0,0,0,0,33.6,27.18,224,722,10,400,6,0,0,0
2024-09-30 13:52:09,0,0,0,0,0,0,0,0,0,0,0,0,0,0,0,0,0,0,0,0,33.65,27.16,228,726,14,409,6,0,0,0
2024-09-30 13:52:20,0,0,0,0,0,0,0,0,0,0,0,0,0,0,0,0,0,0,0,0,33.6,27.25,222,720,16,400,6,0,0,0
2024-09-30 13:52:30,0,0,0,0,0,0,0,0,0,0,0,0,0,0,0,0,0,0,0,0,33.61,27.23,229,728,22,400,6,0,0,0
2024-09-30 13:52:40,0,0,0,0,0,0,0,0,0,0,0,0,0,0,0,0,0,0,0,0,33.64,27.2,226,724,11,400,6,0,0,0
2024-09-30 13:52:50,0,0,0,0,0,0,0,0,0,0,0,0,0,0,0,0,0,0,0,0,33.64,27.13,220,717,14,400,6,0,0,0
2024-09-30 13:53:00,0,0,0,0,0,0,0,0,0,0,0,0,0,0,0,0,0,0,0,0,33.6,27.15,214,710,11,400,6,0,0,0
2024-09-30 13:53:10,0,0,0,0,0,0,0,0,0,0,0,0,0,0,0,0,0,0,0,0,33.64,27.13,223,721,3,400,6,0,0,0
2024-09-30 13:53:20,0,0,0,0,0,0,0,0,0,0,0,0,0,0,0,0,0,0,0,0,33.63,27.13,215,711,19,400,6,0,0,0
2024-09-30 13:53:30,0,0,0,0,0,0,0,0,0,0,0,0,0,0,0,0,0,0,0,0,33.59,27.11,219,717,12,400,6,0,0,0
2024-09-30 13:53:40,0,0,0,0,0,0,0,0,0,0,0,0,0,0,0,0,0,0,0,0,33.59,27.16,214,710,2,400,6,0,0,0
2024-09-30 13:53:50,0,0,0,0,0,0,0,0,0,0,0,0,0,0,0,0,0,0,0,0,33.56,27.18,212,708,10,400,6,0,0,0
2024-09-30 13:54:00,0,0,0,0,0,0,0,0,0,0,0,0,0,0,0,0,0,0,0,0,33.58,27.19,225,724,3,400,6,0,0,0
2024-09-30 13:54:10,0,0,0,0,0,0,0,0,0,0,0,0,0,0,0,0,0,0,0,0,33.51,27.24,225,724,6,400,6,0,0,0
2024-09-30 13:54:20,0,0,0,0,0,0,0,0,0,0,0,0,0,0,0,0,0,0,0,0,33.52,27.21,216,712,14,400,6,0,0,0
2024-09-30 13:54:30,0,0,0,0,0,0,0,0,0,0,0,0,0,0,0,0,0,0,0,0,33.55,27.21,215,712,11,400,6,0,0,0
2024-09-30 13:54:40,0,0,0,0,0,0,0,0,0,0,0,0,0,0,0,0,0,0,0,0,33.58,27.14,228,726,0,400,6,0,0,0
2024-09-30 13:54:51,0,0,0,0,0,0,0,0,0,0,0,0,0,0,0,0,0,0,0,0,33.59,27.12,221,719,14,400,6,0,0,0
2024-09-30 13:55:01,0,0,0,0,0,0,0,0,0,0,0,0,0,0,0,0,0,0,0,0,33.64,27.08,227,726,7,400,6,0,0,0
2024-09-30 13:55:11,0,0,0,0,0,0,0,0,0,0,0,0,0,0,0,0,0,0,0,0,33.59,27.11,221,719,3,400,6,0,0,0
2024-09-30 13:55:21,0,0,0,0,0,0,0,0,0,0,0,0,0,0,0,0,0,0,0,0,33.59,27.09,215,712,26,400,6,0,0,0
2024-09-30 13:55:31,0,0,0,0,0,0,0,0,0,0,0,0,0,0,0,0,0,0,0,0,33.51,27.16,225,723,3,400,6,0,0,0
2024-09-30 13:55:41,0,0,0,0,0,0,0,0,0,0,0,0,0,0,0,0,0,0,0,0,33.52,27.17,219,716,6,400,6,0,0,0
2024-09-30 13:55:51,0,0,0,0,0,0,0,0,0,0,0,0,0,0,0,0,0,0,0,0,33.51,27.19,227,726,5,402,6,0,0,0
2024-09-30 13:56:01,0,0,0,0,0,0,0,0,0,0,0,0,0,0,0,0,0,0,0,0,33.61,27.15,232,732,3,400,6,0,0,0
2024-09-30 13:56:11,0,0,0,0,0,0,0,0,0,0,0,0,0,0,0,0,0,0,0,0,33.51,27.16,230,729,0,400,6,0,0,0
2024-09-30 13:56:21,0,0,0,0,0,0,0,0,0,0,0,0,0,0,0,0,0,0,0,0,33.51,27.21,227,725,7,400,6,0,0,0
2024-09-30 13:56:31,0,0,0,0,0,0,0,0,0,0,0,0,0,0,0,0,0,0,0,0,33.52,27.16,212,707,8,400,6,0,0,0
2024-09-30 13:56:41,0,0,0,0,0,0,0,0,0,0,0,0,0,0,0,0,0,0,0,0,33.61,27.09,221,719,12,400,6,0,0,0
2024-09-30 13:56:51,0,0,0,0,0,0,0,0,0,0,0,0,0,0,0,0,0,0,0,0,33.71,26.96,225,723,3,400,6,0,0,0
2024-09-30 13:57:01,0,0,0,0,0,0,0,0,0,0,0,0,0,0,0,0,0,0,0,0,33.69,26.94,216,712,13,417,6,0,0,0
2024-09-30 13:57:12,0,0,0,0,0,0,0,0,0,0,0,0,0,0,0,0,0,0,0,0,33.76,26.85,205,699,16,400,6,0,0,0
2024-09-30 13:57:22,0,0,0,0,0,0,0,0,0,0,0,0,0,0,0,0,0,0,0,0,33.85,26.72,227,726,13,400,6,0,0,0
2024-09-30 13:57:32,0,0,0,0,0,0,0,0,0,0,0,0,0,0,0,0,0,0,0,0,33.82,26.74,226,724,16,400,6,0,0,0
2024-09-30 13:57:42,0,0,0,0,0,0,0,0,0,0,0,0,0,0,0,0,0,0,0,0,33.79,26.75,226,724,15,407,6,0,0,0
2024-09-30 13:57:52,0,0,0,0,0,0,0,0,0,0,0,0,0,0,0,0,0,0,0,0,33.81,26.66,210,706,14,402,6,0,0,0
2024-09-30 13:58:02,0,0,0,0,0,0,0,0,0,0,0,0,0,0,0,0,0,0,0,0,33.75,26.76,215,712,20,400,6,0,0,0
2024-09-30 13:58:12,0,0,0,0,0,0,0,0,0,0,0,0,0,0,0,0,0,0,0,0,33.67,26.86,215,711,17,400,6,0,0,0
2024-09-30 13:58:22,0,0,0,0,0,0,0,0,0,0,0,0,0,0,0,0,0,0,0,0,33.65,26.97,217,714,28,400,6,0,0,0
2024-09-30 13:58:32,0,0,0,0,0,0,0,0,0,0,0,0,0,0,0,0,0,0,0,0,33.68,26.87,227,725,7,400,6,0,0,0
2024-09-30 13:58:42,0,0,0,0,0,0,0,0,0,0,0,0,0,0,0,0,0,0,0,0,33.72,26.85,232,732,14,400,6,0,0,0
2024-09-30 13:58:52,0,0,0,0,0,0,0,0,0,0,0,0,0,0,0,0,0,0,0,0,33.73,26.8,226,724,0,400,6,0,0,0
2024-09-30 13:59:02,0,0,0,0,0,0,0,0,0,0,0,0,0,0,0,0,0,0,0,0,33.71,26.83,210,705,25,400,6,0,0,0
2024-09-30 13:59:12,0,0,0,0,0,0,0,0,0,0,0,0,0,0,0,0,0,0,0,0,33.59,26.94,226,724,0,400,6,0,0,0
2024-09-30 13:59:22,0,0,0,0,0,0,0,0,0,0,0,0,0,0,0,0,0,0,0,0,33.54,27.08,213,709,27,400,6,0,0,0
2024-09-30 13:59:33,0,0,0,0,0,0,0,0,0,0,0,0,0,0,0,0,0,0,0,0,33.44,27.2,224,722,10,400,6,0,0,0
2024-09-30 13:59:43,0,0,0,0,0,0,0,0,0,0,0,0,0,0,0,0,0,0,0,0,33.38,27.28,226,724,9,400,6,0,0,0
2024-09-30 13:59:53,0,0,0,0,0,0,0,0,0,0,0,0,0,0,0,0,0,0,0,0,33.44,27.23,219,716,8,400,6,0,0,0
2024-09-30 14:00:03,0,0,0,0,0,0,0,0,0,0,0,0,0,0,0,0,0,0,0,0,33.53,27.13,224,723,5,400,6,0,0,0
2024-09-30 14:00:13,0,0,0,0,0,0,0,0,0,0,0,0,0,0,0,0,0,0,0,0,33.59,27.06,227,726,0,400,6,0,0,0
2024-09-30 14:00:23,0,0,0,0,0,0,0,0,0,0,0,0,0,0,0,0,0,0,0,0,33.62,26.97,215,712,7,400,6,0,0,0
2024-09-30 14:00:33,0,0,0,0,0,0,0,0,0,0,0,0,0,0,0,0,0,0,0,0,33.65,26.95,222,720,17,408,6,0,0,0
2024-09-30 14:00:43,0,0,0,0,0,0,0,0,0,0,0,0,0,0,0,0,0,0,0,0,33.66,26.9,229,728,8,409,6,0,0,0
2024-09-30 14:00:53,0,0,0,0,0,0,0,0,0,0,0,0,0,0,0,0,0,0,0,0,33.67,26.91,220,718,24,400,6,0,0,0
2024-09-30 14:01:03,0,0,0,0,0,0,0,0,0,0,0,0,0,0,0,0,0,0,0,0,33.7,26.85,221,719,20,400,6,0,0,0
2024-09-30 14:01:13,0,0,0,0,0,0,0,0,0,0,0,0,0,0,0,0,0,0,0,0,33.71,26.84,213,709,25,400,6,0,0,0
2024-09-30 14:01:23,0,0,0,0,0,0,0,0,0,0,0,0,0,0,0,0,0,0,0,0,33.74,26.77,216,713,18,400,6,0,0,0
2024-09-30 14:01:33,0,0,0,0,0,0,0,0,0,0,0,0,0,0,0,0,0,0,0,0,33.73,26.76,213,709,20,400,6,0,0,0
2024-09-30 14:01:44,0,0,0,0,0,0,0,0,0,0,0,0,0,0,0,0,0,0,0,0,33.75,26.76,217,714,8,400,6,0,0,0
2024-09-30 14:01:54,0,0,0,0,0,0,0,0,0,0,0,0,0,0,0,0,0,0,0,0,33.79,26.75,216,713,7,400,6,0,0,0
2024-09-30 14:02:04,0,0,0,0,0,0,0,0,0,0,0,0,0,0,0,0,0,0,0,0,33.76,26.71,219,716,12,400,6,0,0,0
2024-09-30 14:02:14,0,0,0,0,0,0,0,0,0,0,0,0,0,0,0,0,0,0,0,0,33.74,26.74,202,696,4,400,6,0,0,0
2024-09-30 14:02:24,0,0,0,0,0,0,0,0,0,0,0,0,0,0,0,0,0,0,0,0,33.6,26.86,219,716,9,400,6,0,0,0
2024-09-30 14:02:34,0,0,0,0,0,0,0,0,0,0,0,0,0,0,0,0,0,0,0,0,33.5,27.02,222,720,13,400,6,0,0,0
2024-09-30 14:02:44,0,0,0,0,0,0,0,0,0,0,0,0,0,0,0,0,0,0,0,0,33.56,26.99,208,703,4,400,6,0,0,0
2024-09-30 14:02:54,0,0,0,0,0,0,0,0,0,0,0,0,0,0,0,0,0,0,0,0,33.53,27,212,708,3,400,6,0,0,0
2024-09-30 14:03:04,0,0,0,0,0,0,0,0,0,0,0,0,0,0,0,0,0,0,0,0,33.52,27.01,224,722,12,400,6,0,0,0
2024-09-30 14:03:14,0,0,0,0,0,0,0,0,0,0,0,0,0,0,0,0,0,0,0,0,33.52,27.1,228,727,4,400,6,0,0,0
2024-09-30 14:03:24,0,0,0,0,0,0,0,0,0,0,0,0,0,0,0,0,0,0,0,0,33.44,27.13,213,709,4,400,6,0,0,0
2024-09-30 14:03:34,0,0,0,0,0,0,0,0,0,0,0,0,0,0,0,0,0,0,0,0,33.51,27.12,208,703,0,400,6,0,0,0
2024-09-30 14:03:44,0,0,0,0,0,0,0,0,0,0,0,0,0,0,0,0,0,0,0,0,33.54,27.1,223,720,0,400,6,0,0,0
2024-09-30 14:03:54,0,0,0,0,0,0,0,0,0,0,0,0,0,0,0,0,0,0,0,0,33.55,27.07,216,712,8,400,6,0,0,0
2024-09-30 14:04:04,0,0,0,0,0,0,0,0,0,0,0,0,0,0,0,0,0,0,0,0,33.53,27.1,205,699,0,400,6,0,0,0
2024-09-30 14:04:15,0,0,0,0,0,0,0,0,0,0,0,0,0,0,0,0,0,0,0,0,33.44,27.17,199,691,10,400,6,0,0,0
2024-09-30 14:04:25,0,0,0,0,0,0,0,0,0,0,0,0,0,0,0,0,0,0,0,0,33.45,27.22,207,702,5,400,6,0,0,0
2024-09-30 14:04:35,0,0,0,0,0,0,0,0,0,0,0,0,0,0,0,0,0,0,0,0,33.44,27.29,217,714,0,400,6,0,0,0
2024-09-30 14:04:45,0,0,0,0,0,0,0,0,0,0,0,0,0,0,0,0,0,0,0,0,33.46,27.29,209,704,6,400,6,0,0,0
2024-09-30 14:04:55,0,0,0,0,0,0,0,0,0,0,0,0,0,0,0,0,0,0,0,0,33.47,27.27,222,720,8,400,6,0,0,0
2024-09-30 14:05:05,0,0,0,0,0,0,0,0,0,0,0,0,0,0,0,0,0,0,0,0,33.49,27.25,225,723,7,400,6,0,0,0
2024-09-30 14:05:15,0,0,0,0,0,0,0,0,0,0,0,0,0,0,0,0,0,0,0,0,33.47,27.27,220,717,5,400,6,0,0,0
2024-09-30 14:05:25,0,0,0,0,0,0,0,0,0,0,0,0,0,0,0,0,0,0,0,0,33.41,27.33,207,702,13,400,6,0,0,0
2024-09-30 14:05:35,0,0,0,0,0,0,0,0,0,0,0,0,0,0,0,0,0,0,0,0,33.47,27.24,227,725,6,400,6,0,0,0
2024-09-30 14:05:45,0,0,0,0,0,0,0,0,0,0,0,0,0,0,0,0,0,0,0,0,33.49,27.23,227,725,7,400,6,0,0,0
2024-09-30 14:05:55,0,0,0,0,0,0,0,0,0,0,0,0,0,0,0,0,0,0,0,0,33.5,27.27,209,705,2,400,6,0,0,0
2024-09-30 14:06:05,0,0,0,0,0,0,0,0,0,0,0,0,0,0,0,0,0,0,0,0,33.54,27.21,210,705,18,400,6,0,0,0
2024-09-30 14:06:15,0,0,0,0,0,0,0,0,0,0,0,0,0,0,0,0,0,0,0,0,33.58,27.16,221,719,3,400,6,0,0,0
2024-09-30 14:06:26,0,0,0,0,0,0,0,0,0,0,0,0,0,0,0,0,0,0,0,0,33.55,27.2,214,711,6,400,6,0,0,0
2024-09-30 14:06:36,0,0,0,0,0,0,0,0,0,0,0,0,0,0,0,0,0,0,0,0,33.48,27.27,227,725,5,400,6,0,0,0
2024-09-30 14:06:46,0,0,0,0,0,0,0,0,0,0,0,0,0,0,0,0,0,0,0,0,33.49,27.27,223,721,16,400,6,0,0,0
2024-09-30 14:06:56,0,0,0,0,0,0,0,0,0,0,0,0,0,0,0,0,0,0,0,0,33.5,27.35,211,707,12,406,6,0,0,0
2024-09-30 14:07:06,0,0,0,0,0,0,0,0,0,0,0,0,0,0,0,0,0,0,0,0,33.49,27.3,219,716,10,400,6,0,0,0
2024-09-30 14:07:16,0,0,0,0,0,0,0,0,0,0,0,0,0,0,0,0,0,0,0,0,33.57,27.26,221,719,6,418,6,0,0,0
2024-09-30 14:07:26,0,0,0,0,0,0,0,0,0,0,0,0,0,0,0,0,0,0,0,0,33.54,27.25,229,728,0,400,6,0,0,0
2024-09-30 14:07:36,0,0,0,0,0,0,0,0,0,0,0,0,0,0,0,0,0,0,0,0,33.6,27.25,221,719,9,413,6,0,0,0
2024-09-30 14:07:46,0,0,0,0,0,0,0,0,0,0,0,0,0,0,0,0,0,0,0,0,33.65,27.19,223,721,18,400,6,0,0,0
2024-09-30 14:07:56,0,0,0,0,0,0,0,0,0,0,0,0,0,0,0,0,0,0,0,0,33.6,27.21,224,723,24,409,6,0,0,0
2024-09-30 14:08:06,0,0,0,0,0,0,0,0,0,0,0,0,0,0,0,0,0,0,0,0,33.62,27.17,229,728,39,400,6,0,0,0
2024-09-30 14:08:17,0,0,0,0,0,0,0,0,0,0,0,0,0,0,0,0,0,0,0,0,33.63,27.16,226,724,33,415,6,0,0,0
2024-09-30 14:08:27,0,0,0,0,0,0,0,0,0,0,0,0,0,0,0,0,0,0,0,0,33.64,27.08,224,722,23,400,6,0,0,0
2024-09-30 14:08:37,0,0,0,0,0,0,0,0,0,0,0,0,0,0,0,0,0,0,0,0,33.61,27.15,215,711,35,400,6,0,0,0
2024-09-30 14:08:47,0,0,0,0,0,0,0,0,0,0,0,0,0,0,0,0,0,0,0,0,33.6,27.14,223,721,16,400,6,0,0,0
2024-09-30 14:08:57,0,0,0,0,0,0,0,0,0,0,0,0,0,0,0,0,0,0,0,0,33.56,27.17,233,732,12,400,6,0,0,0
2024-09-30 14:09:07,0,0,0,0,0,0,0,0,0,0,0,0,0,0,0,0,0,0,0,0,33.5,27.23,228,727,12,421,6,0,0,0
2024-09-30 14:09:17,0,0,0,0,0,0,0,0,0,0,0,0,0,0,0,0,0,0,0,0,33.58,27.15,221,719,15,402,6,0,0,0
2024-09-30 14:09:27,0,0,0,0,0,0,0,0,0,0,0,0,0,0,0,0,0,0,0,0,33.54,27.17,218,715,2,400,6,0,0,0
2024-09-30 14:09:37,0,0,0,0,0,0,0,0,0,0,0,0,0,0,0,0,0,0,0,0,33.57,27.2,222,720,10,400,6,0,0,0
2024-09-30 14:09:47,0,0,0,0,0,0,0,0,0,0,0,0,0,0,0,0,0,0,0,0,33.51,27.18,224,722,17,400,6,0,0,0
2024-09-30 14:09:57,0,0,0,0,0,0,0,0,0,0,0,0,0,0,0,0,0,0,0,0,33.53,27.17,223,720,4,400,6,0,0,0
2024-09-30 14:10:07,0,0,0,0,0,0,0,0,0,0,0,0,0,0,0,0,0,0,0,0,33.53,27.19,225,723,6,402,6,0,0,0
2024-09-30 14:10:18,0,0,0,0,0,0,0,0,0,0,0,0,0,0,0,0,0,0,0,0,33.58,27.12,213,709,10,400,6,0,0,0
2024-09-30 14:10:28,0,0,0,0,0,0,0,0,0,0,0,0,0,0,0,0,0,0,0,0,33.6,27.13,221,718,2,400,6,0,0,0
2024-09-30 14:10:38,0,0,0,0,0,0,0,0,0,0,0,0,0,0,0,0,0,0,0,0,33.62,27.13,215,711,16,400,6,0,0,0
2024-09-30 14:10:48,0,0,0,0,0,0,0,0,0,0,0,0,0,0,0,0,0,0,0,0,33.64,27.08,217,714,15,420,6,0,0,0
2024-09-30 14:10:58,0,0,0,0,0,0,0,0,0,0,0,0,0,0,0,0,0,0,0,0,33.73,26.93,224,722,24,400,6,0,0,0
2024-09-30 14:11:08,0,0,0,0,0,0,0,0,0,0,0,0,0,0,0,0,0,0,0,0,33.78,26.87,227,725,19,405,6,0,0,0
2024-09-30 14:11:18,0,0,0,0,0,0,0,0,0,0,0,0,0,0,0,0,0,0,0,0,33.74,26.83,227,726,16,410,6,0,0,0
2024-09-30 14:11:28,0,0,0,0,0,0,0,0,0,0,0,0,0,0,0,0,0,0,0,0,33.74,26.91,218,715,24,400,6,0,0,0
2024-09-30 14:11:38,0,0,0,0,0,0,0,0,0,0,0,0,0,0,0,0,0,0,0,0,33.65,26.91,229,728,32,409,6,0,0,0
2024-09-30 14:11:48,0,0,0,0,0,0,0,0,0,0,0,0,0,0,0,0,0,0,0,0,33.66,26.91,224,722,13,400,6,0,0,0
2024-09-30 14:11:58,0,0,0,0,0,0,0,0,0,0,0,0,0,0,0,0,0,0,0,0,33.67,26.96,224,722,20,400,6,0,0,0
2024-09-30 14:12:08,0,0,0,0,0,0,0,0,0,0,0,0,0,0,0,0,0,0,0,0,33.61,27,205,699,16,400,6,0,0,0
2024-09-30 14:12:19,0,0,0,0,0,0,0,0,0,0,0,0,0,0,0,0,0,0,0,0,33.55,27.09,216,712,11,400,6,0,0,0
2024-09-30 14:12:29,0,0,0,0,0,0,0,0,0,0,0,0,0,0,0,0,0,0,0,0,33.53,27.1,207,702,12,400,6,0,0,0
2024-09-30 14:12:39,0,0,0,0,0,0,0,0,0,0,0,0,0,0,0,0,0,0,0,0,33.47,27.14,223,721,20,400,6,0,0,0
2024-09-30 14:12:49,0,0,0,0,0,0,0,0,0,0,0,0,0,0,0,0,0,0,0,0,33.48,27.15,220,718,13,400,6,0,0,0
2024-09-30 14:12:59,0,0,0,0,0,0,0,0,0,0,0,0,0,0,0,0,0,0,0,0,33.41,27.22,209,705,13,400,6,0,0,0
2024-09-30 14:13:09,0,0,0,0,0,0,0,0,0,0,0,0,0,0,0,0,0,0,0,0,33.39,27.24,203,697,16,400,6,0,0,0
2024-09-30 14:13:19,0,0,0,0,0,0,0,0,0,0,0,0,0,0,0,0,0,0,0,0,33.41,27.23,216,712,0,400,6,0,0,0
2024-09-30 14:13:29,0,0,0,0,0,0,0,0,0,0,0,0,0,0,0,0,0,0,0,0,33.38,27.27,214,711,4,400,6,0,0,0
2024-09-30 14:13:39,0,0,0,0,0,0,0,0,0,0,0,0,0,0,0,0,0,0,0,0,33.42,27.22,208,703,4,400,6,0,0,0
2024-09-30 14:13:49,0,0,0,0,0,0,0,0,0,0,0,0,0,0,0,0,0,0,0,0,33.47,27.15,238,738,11,400,6,0,0,0
2024-09-30 14:13:59,0,0,0,0,0,0,0,0,0,0,0,0,0,0,0,0,0,0,0,0,33.48,27.14,213,710,9,400,6,0,0,0
2024-09-30 14:14:09,0,0,0,0,0,0,0,0,0,0,0,0,0,0,0,0,0,0,0,0,33.46,27.15,221,718,13,400,6,0,0,0
2024-09-30 14:14:20,0,0,0,0,0,0,0,0,0,0,0,0,0,0,0,0,0,0,0,0,33.5,27.05,221,718,9,400,6,0,0,0
2024-09-30 14:14:30,0,0,0,0,0,0,0,0,0,0,0,0,0,0,0,0,0,0,0,0,33.58,26.96,228,727,13,404,6,0,0,0
2024-09-30 14:14:40,0,0,0,0,0,0,0,0,0,0,0,0,0,0,0,0,0,0,0,0,33.65,26.89,223,721,0,400,6,0,0,0
2024-09-30 14:14:50,0,0,0,0,0,0,0,0,0,0,0,0,0,0,0,0,0,0,0,0,33.6,26.96,215,712,9,400,6,0,0,0
2024-09-30 14:15:00,0,0,0,0,0,0,0,0,0,0,0,0,0,0,0,0,0,0,0,0,33.57,26.95,227,725,6,400,6,0,0,0
2024-09-30 14:15:10,0,0,0,0,0,0,0,0,0,0,0,0,0,0,0,0,0,0,0,0,33.47,27.09,222,720,14,400,6,0,0,0
2024-09-30 14:15:20,0,0,0,0,0,0,0,0,0,0,0,0,0,0,0,0,0,0,0,0,33.38,27.17,232,732,20,400,6,0,0,0
2024-09-30 14:15:30,0,0,0,0,0,0,0,0,0,0,0,0,0,0,0,0,0,0,0,0,33.43,27.21,239,739,0,400,6,0,0,0
2024-09-30 14:15:40,0,0,0,0,0,0,0,0,0,0,0,0,0,0,0,0,0,0,0,0,33.48,27.14,229,728,17,405,6,0,0,0
2024-09-30 14:15:50,0,0,0,0,0,0,0,0,0,0,0,0,0,0,0,0,0,0,0,0,33.57,27.02,220,718,24,401,6,0,0,0
2024-09-30 14:16:00,0,0,0,0,0,0,0,0,0,0,0,0,0,0,0,0,0,0,0,0,33.64,26.95,211,706,1,400,6,0,0,0
2024-09-30 14:16:10,0,0,0,0,0,0,0,0,0,0,0,0,0,0,0,0,0,0,0,0,33.63,26.92,229,728,18,400,6,0,0,0
2024-09-30 14:16:21,0,0,0,0,0,0,0,0,0,0,0,0,0,0,0,0,0,0,0,0,33.64,26.9,229,728,29,400,6,0,0,0
2024-09-30 14:16:31,0,0,0,0,0,0,0,0,0,0,0,0,0,0,0,0,0,0,0,0,33.69,26.86,206,701,20,403,6,0,0,0
2024-09-30 14:16:41,0,0,0,0,0,0,0,0,0,0,0,0,0,0,0,0,0,0,0,0,33.69,26.82,228,727,10,400,6,0,0,0
2024-09-30 14:16:51,0,0,0,0,0,0,0,0,0,0,0,0,0,0,0,0,0,0,0,0,33.66,26.83,226,725,4,400,6,0,0,0
2024-09-30 14:17:01,0,0,0,0,0,0,0,0,0,0,0,0,0,0,0,0,0,0,0,0,33.64,26.88,232,732,15,400,6,0,0,0
2024-09-30 14:17:11,0,0,0,0,0,0,0,0,0,0,0,0,0,0,0,0,0,0,0,0,33.6,26.89,227,725,1,405,6,0,0,0
2024-09-30 14:17:21,0,0,0,0,0,0,0,0,0,0,0,0,0,0,0,0,0,0,0,0,33.53,27.01,228,727,23,400,6,0,0,0
2024-09-30 14:17:31,0,0,0,0,0,0,0,0,0,0,0,0,0,0,0,0,0,0,0,0,33.46,27.07,224,722,6,400,6,0,0,0
2024-09-30 14:17:41,0,0,0,0,0,0,0,0,0,0,0,0,0,0,0,0,0,0,0,0,33.42,27.08,237,737,12,400,6,0,0,0
2024-09-30 14:17:51,0,0,0,0,0,0,0,0,0,0,0,0,0,0,0,0,0,0,0,0,33.43,27.16,222,720,18,400,6,0,0,0
2024-09-30 14:18:01,0,0,0,0,0,0,0,0,0,0,0,0,0,0,0,0,0,0,0,0,33.42,27.16,215,711,6,400,6,0,0,0
2024-09-30 14:18:11,0,0,0,0,0,0,0,0,0,0,0,0,0,0,0,0,0,0,0,0,33.42,27.21,215,712,10,400,6,0,0,0
2024-09-30 14:18:22,0,0,0,0,0,0,0,0,0,0,0,0,0,0,0,0,0,0,0,0,33.42,27.17,229,728,1,400,6,0,0,0
2024-09-30 14:18:32,0,0,0,0,0,0,0,0,0,0,0,0,0,0,0,0,0,0,0,0,33.43,27.24,213,709,10,400,6,0,0,0
2024-09-30 14:18:42,0,0,0,0,0,0,0,0,0,0,0,0,0,0,0,0,0,0,0,0,33.41,27.22,222,719,14,400,6,0,0,0
2024-09-30 14:18:52,0,0,0,0,0,0,0,0,0,0,0,0,0,0,0,0,0,0,0,0,33.41,27.24,227,726,13,410,6,0,0,0
2024-09-30 14:19:02,0,0,0,0,0,0,0,0,0,0,0,0,0,0,0,0,0,0,0,0,33.44,27.19,219,716,11,400,6,0,0,0
2024-09-30 14:19:12,0,0,0,0,0,0,0,0,0,0,0,0,0,0,0,0,0,0,0,0,33.43,27.23,230,729,0,400,6,0,0,0
2024-09-30 14:19:22,0,0,0,0,0,0,0,0,0,0,0,0,0,0,0,0,0,0,0,0,33.4,27.31,219,716,4,400,6,0,0,0
2024-09-30 14:19:32,0,0,0,0,0,0,0,0,0,0,0,0,0,0,0,0,0,0,0,0,33.41,27.31,224,722,19,400,6,0,0,0
2024-09-30 14:19:42,0,0,0,0,0,0,0,0,0,0,0,0,0,0,0,0,0,0,0,0,33.39,27.32,230,729,20,400,6,0,0,0
2024-09-30 14:19:52,0,0,0,0,0,0,0,0,0,0,0,0,0,0,0,0,0,0,0,0,33.43,27.32,228,727,9,411,6,0,0,0
2024-09-30 14:20:02,0,0,0,0,0,0,0,0,0,0,0,0,0,0,0,0,0,0,0,0,33.38,27.42,217,714,16,409,6,0,0,0
2024-09-30 14:20:12,0,0,0,0,0,0,0,0,0,0,0,0,0,0,0,0,0,0,0,0,33.41,27.4,221,719,27,400,6,0,0,0
2024-09-30 14:20:23,0,0,0,0,0,0,0,0,0,0,0,0,0,0,0,0,0,0,0,0,33.39,27.4,229,728,18,400,6,0,0,0
2024-09-30 14:20:33,0,0,0,0,0,0,0,0,0,0,0,0,0,0,0,0,0,0,0,0,33.46,27.36,229,728,11,414,6,0,0,0
2024-09-30 14:20:43,0,0,0,0,0,0,0,0,0,0,0,0,0,0,0,0,0,0,0,0,33.48,27.34,234,734,19,400,6,0,0,0
2024-09-30 14:20:53,0,0,0,0,0,0,0,0,0,0,0,0,0,0,0,0,0,0,0,0,33.48,27.36,234,734,9,400,6,0,0,0
2024-09-30 14:21:03,0,0,0,0,0,0,0,0,0,0,0,0,0,0,0,0,0,0,0,0,33.48,27.36,216,713,0,408,6,0,0,0
2024-09-30 14:21:13,0,0,0,0,0,0,0,0,0,0,0,0,0,0,0,0,0,0,0,0,33.43,27.42,224,722,14,400,6,0,0,0
2024-09-30 14:21:23,0,0,0,0,0,0,0,0,0,0,0,0,0,0,0,0,0,0,0,0,33.44,27.4,232,732,12,401,6,0,0,0
2024-09-30 14:21:33,0,0,0,0,0,0,0,0,0,0,0,0,0,0,0,0,0,0,0,0,33.45,27.44,248,750,16,400,6,0,0,0
2024-09-30 14:21:43,0,0,0,0,0,0,0,0,0,0,0,0,0,0,0,0,0,0,0,0,33.41,27.45,231,730,10,400,6,0,0,0
2024-09-30 14:21:53,0,0,0,0,0,0,0,0,0,0,0,0,0,0,0,0,0,0,0,0,33.44,27.48,214,710,18,401,6,0,0,0
2024-09-30 14:22:03,0,0,0,0,0,0,0,0,0,0,0,0,0,0,0,0,0,0,0,0,33.45,27.44,215,711,4,413,6,0,0,0
2024-09-30 14:22:14,0,0,0,0,0,0,0,0,0,0,0,0,0,0,0,0,0,0,0,0,33.5,27.38,237,737,4,400,6,0,0,0
2024-09-30 14:22:24,0,0,0,0,0,0,0,0,0,0,0,0,0,0,0,0,0,0,0,0,33.49,27.42,218,715,15,400,6,0,0,0
2024-09-30 14:22:34,0,0,0,0,0,0,0,0,0,0,0,0,0,0,0,0,0,0,0,0,33.5,27.41,226,724,17,400,6,0,0,0
2024-09-30 14:22:44,0,0,0,0,0,0,0,0,0,0,0,0,0,0,0,0,0,0,0,0,33.53,27.35,222,720,30,404,6,0,0,0
2024-09-30 14:22:54,0,0,0,0,0,0,0,0,0,0,0,0,0,0,0,0,0,0,0,0,33.59,27.32,217,714,17,400,6,0,0,0
2024-09-30 14:23:04,0,0,0,0,0,0,0,0,0,0,0,0,0,0,0,0,0,0,0,0,33.57,27.34,234,734,13,400,6,0,0,0
2024-09-30 14:23:14,0,0,0,0,0,0,0,0,0,0,0,0,0,0,0,0,0,0,0,0,33.54,27.4,222,719,12,407,6,0,0,0
2024-09-30 14:23:24,0,0,0,0,0,0,0,0,0,0,0,0,0,0,0,0,0,0,0,0,33.52,27.43,235,735,25,410,6,0,0,0
2024-09-30 14:23:34,0,0,0,0,0,0,0,0,0,0,0,0,0,0,0,0,0,0,0,0,33.47,27.47,232,731,17,409,6,0,0,0
2024-09-30 14:23:44,0,0,0,0,0,0,0,0,0,0,0,0,0,0,0,0,0,0,0,0,33.45,27.53,225,723,20,407,6,0,0,0
2024-09-30 14:23:54,0,0,0,0,0,0,0,0,0,0,0,0,0,0,0,0,0,0,0,0,33.53,27.45,219,716,3,400,6,0,0,0
2024-09-30 14:24:04,0,0,0,0,0,0,0,0,0,0,0,0,0,0,0,0,0,0,0,0,33.54,27.45,230,729,8,400,6,0,0,0
2024-09-30 14:24:15,0,0,0,0,0,0,0,0,0,0,0,0,0,0,0,0,0,0,0,0,33.49,27.42,230,729,28,400,6,0,0,0
2024-09-30 14:24:25,0,0,0,0,0,0,0,0,0,0,0,0,0,0,0,0,0,0,0,0,33.5,27.44,228,727,19,400,6,0,0,0
2024-09-30 14:24:35,0,0,0,0,0,0,0,0,0,0,0,0,0,0,0,0,0,0,0,0,33.5,27.46,227,726,20,400,6,0,0,0
2024-09-30 14:24:45,0,0,0,0,0,0,0,0,0,0,0,0,0,0,0,0,0,0,0,0,33.41,27.56,232,732,14,400,6,0,0,0
2024-09-30 14:24:55,0,0,0,0,0,0,0,0,0,0,0,0,0,0,0,0,0,0,0,0,33.5,27.43,229,728,24,400,6,0,0,0
2024-09-30 14:25:05,0,0,0,0,0,0,0,0,0,0,0,0,0,0,0,0,0,0,0,0,33.53,27.42,243,743,31,415,6,0,0,0
2024-09-30 14:25:15,0,0,0,0,0,0,0,0,0,0,0,0,0,0,0,0,0,0,0,0,33.58,27.33,219,716,24,412,6,0,0,0
2024-09-30 14:25:25,0,0,0,0,0,0,0,0,0,0,0,0,0,0,0,0,0,0,0,0,33.55,27.36,248,749,18,400,6,0,0,0
2024-09-30 14:25:35,0,0,0,0,0,0,0,0,0,0,0,0,0,0,0,0,0,0,0,0,33.53,27.52,248,749,21,409,6,0,0,0
2024-09-30 14:25:45,0,0,0,0,0,0,0,0,0,0,0,0,0,0,0,0,0,0,0,0,33.53,27.46,245,746,24,402,6,0,0,0
2024-09-30 14:25:55,0,0,0,0,0,0,0,0,0,0,0,0,0,0,0,0,0,0,0,0,33.48,27.53,244,745,34,400,6,0,0,0
2024-09-30 14:26:06,0,0,0,0,0,0,0,0,0,0,0,0,0,0,0,0,0,0,0,0,33.45,27.53,241,741,43,400,6,0,0,0
2024-09-30 14:26:16,0,0,0,0,0,0,0,0,0,0,0,0,0,0,0,0,0,0,0,0,33.41,27.57,253,755,13,400,6,0,0,0
2024-09-30 14:26:26,0,0,0,0,0,0,0,0,0,0,0,0,0,0,0,0,0,0,0,0,33.46,27.48,238,738,26,400,6,0,0,0
2024-09-30 14:26:36,0,0,0,0,0,0,0,0,0,0,0,0,0,0,0,0,0,0,0,0,33.44,27.48,244,745,22,400,6,0,0,0
2024-09-30 14:26:46,0,0,0,0,0,0,0,0,0,0,0,0,0,0,0,0,0,0,0,0,33.43,27.48,248,749,29,400,6,0,0,0
2024-09-30 14:26:56,0,0,0,0,0,0,0,0,0,0,0,0,0,0,0,0,0,0,0,0,33.5,27.41,252,754,20,400,6,0,0,0
2024-09-30 14:27:06,0,0,0,0,0,0,0,0,0,0,0,0,0,0,0,0,0,0,0,0,33.48,27.43,241,741,25,414,6,0,0,0
2024-09-30 14:27:16,0,0,0,0,0,0,0,0,0,0,0,0,0,0,0,0,0,0,0,0,33.4,27.5,249,751,29,403,6,0,0,0
2024-09-30 14:27:26,0,0,0,0,0,0,0,0,0,0,0,0,0,0,0,0,0,0,0,0,33.47,27.43,255,757,23,400,6,0,0,0
2024-09-30 14:27:36,0,0,0,0,0,0,0,0,0,0,0,0,0,0,0,0,0,0,0,0,33.51,27.36,259,761,33,403,6,0,0,0
2024-09-30 14:27:47,0,0,0,0,0,0,0,0,0,0,0,0,0,0,0,0,0,0,0,0,33.58,27.27,260,763,18,400,6,0,0,0
2024-09-30 14:27:57,0,0,0,0,0,0,0,0,0,0,0,0,0,0,0,0,0,0,0,0,33.53,27.28,253,754,17,400,6,0,0,0
2024-09-30 14:28:07,0,0,0,0,0,0,0,0,0,0,0,0,0,0,0,0,0,0,0,0,33.43,27.39,239,739,27,400,6,0,0,0
2024-09-30 14:28:17,0,0,0,0,0,0,0,0,0,0,0,0,0,0,0,0,0,0,0,0,33.46,27.37,255,757,10,400,6,0,0,0
2024-09-30 14:28:27,0,0,0,0,0,0,0,0,0,0,0,0,0,0,0,0,0,0,0,0,33.45,27.33,252,754,28,400,6,0,0,0
2024-09-30 14:28:37,0,0,0,0,0,0,0,0,0,0,0,0,0,0,0,0,0,0,0,0,33.45,27.34,254,756,21,400,6,0,0,0
2024-09-30 14:28:47,0,0,0,0,0,0,0,0,0,0,0,0,0,0,0,0,0,0,0,0,33.45,27.27,256,758,27,400,6,0,0,0
2024-09-30 14:28:57,0,0,0,0,0,0,0,0,0,0,0,0,0,0,0,0,0,0,0,0,33.44,27.28,267,769,21,418,6,0,0,0
2024-09-30 14:29:07,0,0,0,0,0,0,0,0,0,0,0,0,0,0,0,0,0,0,0,0,33.56,27.18,260,762,12,400,6,0,0,0
2024-09-30 14:29:17,0,0,0,0,0,0,0,0,0,0,0,0,0,0,0,0,0,0,0,0,33.6,27.1,257,759,26,407,6,0,0,0
2024-09-30 14:29:27,0,0,0,0,0,0,0,0,0,0,0,0,0,0,0,0,0,0,0,0,33.54,27.08,263,765,13,400,6,0,0,0
2024-09-30 14:29:38,0,0,0,0,0,0,0,0,0,0,0,0,0,0,0,0,0,0,0,0,33.48,27.17,268,771,25,404,6,0,0,0
2024-09-30 14:29:48,0,0,0,0,0,0,0,0,0,0,0,0,0,0,0,0,0,0,0,0,33.42,27.26,269,772,21,400,6,0,0,0
2024-09-30 14:29:58,0,0,0,0,0,0,0,0,0,0,0,0,0,0,0,0,0,0,0,0,33.49,27.18,261,764,25,406,6,0,0,0
2024-09-30 14:30:08,0,0,0,0,0,0,0,0,0,0,0,0,0,0,0,0,0,0,0,0,33.45,27.24,271,774,25,400,6,0,0,0
2024-09-30 14:30:18,0,0,0,0,0,0,0,0,0,0,0,0,0,0,0,0,0,0,0,0,33.51,27.1,259,761,20,400,6,0,0,0
2024-09-30 14:30:28,0,0,0,0,0,0,0,0,0,0,0,0,0,0,0,0,0,0,0,0,33.52,27.09,278,781,24,400,6,0,0,0
2024-09-30 14:30:38,0,0,0,0,0,0,0,0,0,0,0,0,0,0,0,0,0,0,0,0,33.53,27.08,276,779,27,400,6,0,0,0
2024-09-30 14:30:48,0,0,0,0,0,0,0,0,0,0,0,0,0,0,0,0,0,0,0,0,33.49,27.04,263,766,23,400,6,0,0,0
2024-09-30 14:30:58,0,0,0,0,0,0,0,0,0,0,0,0,0,0,0,0,0,0,0,0,33.47,27.1,270,773,17,400,6,0,0,0
2024-09-30 14:31:09,0,0,0,0,0,0,0,0,0,0,0,0,0,0,0,0,0,0,0,0,33.47,27.1,285,789,5,400,6,0,0,0
2024-09-30 14:31:19,0,0,0,0,0,0,0,0,0,0,0,0,0,0,0,0,0,0,0,0,33.46,27.11,261,764,30,400,6,0,0,0
2024-09-30 14:31:29,0,0,0,0,0,0,0,0,0,0,0,0,0,0,0,0,0,0,0,0,33.46,27.09,262,765,10,400,6,0,0,0
2024-09-30 14:31:39,0,0,0,0,0,0,0,0,0,0,0,0,0,0,0,0,0,0,0,0,33.5,27.06,270,773,14,400,6,0,0,0
2024-09-30 14:31:49,0,0,0,0,0,0,0,0,0,0,0,0,0,0,0,0,0,0,0,0,33.47,27.1,266,769,19,400,6,0,0,0
2024-09-30 14:31:59,0,0,0,0,0,0,0,0,0,0,0,0,0,0,0,0,0,0,0,0,33.52,26.98,260,763,19,400,6,0,0,0
2024-09-30 14:32:09,0,0,0,0,0,0,0,0,0,0,0,0,0,0,0,0,0,0,0,0,33.58,26.94,267,769,20,400,6,0,0,0
2024-09-30 14:32:19,0,0,0,0,0,0,0,0,0,0,0,0,0,0,0,0,0,0,0,0,33.56,26.94,287,791,11,400,6,0,0,0
2024-09-30 14:32:29,0,0,0,0,0,0,0,0,0,0,0,0,0,0,0,0,0,0,0,0,33.53,26.94,274,778,31,400,6,0,0,0
2024-09-30 14:32:39,0,0,0,0,0,0,0,0,0,0,0,0,0,0,0,0,0,0,0,0,33.48,27.02,259,762,3,400,6,0,0,0
2024-09-30 14:32:49,0,0,0,0,0,0,0,0,0,0,0,0,0,0,0,0,0,0,0,0,33.44,27.05,278,781,16,400,6,0,0,0
2024-09-30 14:33:00,0,0,0,0,0,0,0,0,0,0,0,0,0,0,0,0,0,0,0,0,33.52,26.96,259,761,23,408,6,0,0,0
2024-09-30 14:33:10,0,0,0,0,0,0,0,0,0,0,0,0,0,0,0,0,0,0,0,0,33.52,26.93,272,775,20,400,6,0,0,0
2024-09-30 14:33:20,0,0,0,0,0,0,0,0,0,0,0,0,0,0,0,0,0,0,0,0,33.58,26.89,274,778,22,400,6,0,0,0
2024-09-30 14:33:30,0,0,0,0,0,0,0,0,0,0,0,0,0,0,0,0,0,0,0,0,33.53,26.86,259,762,7,400,6,0,0,0
2024-09-30 14:33:40,0,0,0,0,0,0,0,0,0,0,0,0,0,0,0,0,0,0,0,0,33.49,26.96,278,782,7,400,6,0,0,0
2024-09-30 14:33:50,0,0,0,0,0,0,0,0,0,0,0,0,0,0,0,0,0,0,0,0,33.53,26.92,263,765,4,400,6,0,0,0
2024-09-30 14:34:00,0,0,0,0,0,0,0,0,0,0,0,0,0,0,0,0,0,0,0,0,33.57,26.83,267,770,16,400,6,0,0,0
2024-09-30 14:34:10,0,0,0,0,0,0,0,0,0,0,0,0,0,0,0,0,0,0,0,0,33.49,26.92,252,754,18,400,6,0,0,0
2024-09-30 14:34:20,0,0,0,0,0,0,0,0,0,0,0,0,0,0,0,0,0,0,0,0,33.45,26.98,267,770,20,400,6,0,0,0
2024-09-30 14:34:30,0,0,0,0,0,0,0,0,0,0,0,0,0,0,0,0,0,0,0,0,33.39,27.06,258,760,21,400,6,0,0,0
2024-09-30 14:34:41,0,0,0,0,0,0,0,0,0,0,0,0,0,0,0,0,0,0,0,0,33.39,27.1,260,763,13,400,6,0,0,0
2024-09-30 14:34:51,0,0,0,0,0,0,0,0,0,0,0,0,0,0,0,0,0,0,0,0,33.39,27.09,250,751,9,400,6,0,0,0
2024-09-30 14:35:01,0,0,0,0,0,0,0,0,0,0,0,0,0,0,0,0,0,0,0,0,33.41,27.07,248,749,1,400,6,0,0,0
2024-09-30 14:35:11,0,0,0,0,0,0,0,0,0,0,0,0,0,0,0,0,0,0,0,0,33.36,27.15,251,752,6,400,6,0,0,0
2024-09-30 14:35:21,0,0,0,0,0,0,0,0,0,0,0,0,0,0,0,0,0,0,0,0,33.37,27.17,259,761,0,400,6,0,0,0
2024-09-30 14:35:31,0,0,0,0,0,0,0,0,0,0,0,0,0,0,0,0,0,0,0,0,33.36,27.19,258,761,16,400,6,0,0,0
2024-09-30 14:35:41,0,0,0,0,0,0,0,0,0,0,0,0,0,0,0,0,0,0,0,0,33.33,27.19,254,756,13,400,6,0,0,0
2024-09-30 14:35:51,0,0,0,0,0,0,0,0,0,0,0,0,0,0,0,0,0,0,0,0,33.35,27.25,253,755,19,400,6,0,0,0
2024-09-30 14:36:01,0,0,0,0,0,0,0,0,0,0,0,0,0,0,0,0,0,0,0,0,33.26,27.31,247,748,9,400,6,0,0,0
2024-09-30 14:36:11,0,0,0,0,0,0,0,0,0,0,0,0,0,0,0,0,0,0,0,0,33.35,27.27,263,765,11,400,6,0,0,0
2024-09-30 14:36:22,0,0,0,0,0,0,0,0,0,0,0,0,0,0,0,0,0,0,0,0,33.34,27.27,252,754,17,400,6,0,0,0
2024-09-30 14:36:32,0,0,0,0,0,0,0,0,0,0,0,0,0,0,0,0,0,0,0,0,33.31,27.33,267,770,5,400,6,0,0,0
2024-09-30 14:36:42,0,0,0,0,0,0,0,0,0,0,0,0,0,0,0,0,0,0,0,0,33.3,27.35,245,746,8,400,6,0,0,0
2024-09-30 14:36:52,0,0,0,0,0,0,0,0,0,0,0,0,0,0,0,0,0,0,0,0,33.35,27.29,252,754,18,400,6,0,0,0
2024-09-30 14:37:02,0,0,0,0,0,0,0,0,0,0,0,0,0,0,0,0,0,0,0,0,33.38,27.32,257,759,5,400,6,0,0,0
2024-09-30 14:37:12,0,0,0,0,0,0,0,0,0,0,0,0,0,0,0,0,0,0,0,0,33.42,27.23,246,747,16,400,6,0,0,0
2024-09-30 14:37:22,0,0,0,0,0,0,0,0,0,0,0,0,0,0,0,0,0,0,0,0,33.44,27.19,256,758,14,400,6,0,0,0
2024-09-30 14:37:32,0,0,0,0,0,0,0,0,0,0,0,0,0,0,0,0,0,0,0,0,33.43,27.18,254,756,12,400,6,0,0,0
2024-09-30 14:37:42,0,0,0,0,0,0,0,0,0,0,0,0,0,0,0,0,0,0,0,0,33.43,27.17,256,758,16,400,6,0,0,0
2024-09-30 14:37:53,0,0,0,0,0,0,0,0,0,0,0,0,0,0,0,0,0,0,0,0,33.43,27.25,250,751,10,400,6,0,0,0
2024-09-30 14:38:03,0,0,0,0,0,0,0,0,0,0,0,0,0,0,0,0,0,0,0,0,33.47,27.19,263,765,1,416,6,0,0,0
2024-09-30 14:38:13,0,0,0,0,0,0,0,0,0,0,0,0,0,0,0,0,0,0,0,0,33.5,27.18,252,754,16,400,6,0,0,0
2024-09-30 14:38:23,0,0,0,0,0,0,0,0,0,0,0,0,0,0,0,0,0,0,0,0,33.45,27.23,260,762,25,400,6,0,0,0
2024-09-30 14:38:33,0,0,0,0,0,0,0,0,0,0,0,0,0,0,0,0,0,0,0,0,33.46,27.14,262,764,3,400,6,0,0,0
2024-09-30 14:38:43,0,0,0,0,0,0,0,0,0,0,0,0,0,0,0,0,0,0,0,0,33.48,27.13,254,756,19,400,6,0,0,0
2024-09-30 14:38:53,0,0,0,0,0,0,0,0,0,0,0,0,0,0,0,0,0,0,0,0,33.52,27.2,236,736,12,400,6,0,0,0
2024-09-30 14:39:03,0,0,0,0,0,0,0,0,0,0,0,0,0,0,0,0,0,0,0,0,33.54,27.1,242,742,8,400,6,0,0,0
2024-09-30 14:39:13,0,0,0,0,0,0,0,0,0,0,0,0,0,0,0,0,0,0,0,0,33.51,27.2,255,757,7,400,6,0,0,0
2024-09-30 14:39:23,0,0,0,0,0,0,0,0,0,0,0,0,0,0,0,0,0,0,0,0,33.51,27.12,246,747,13,400,6,0,0,0
2024-09-30 14:39:34,0,0,0,0,0,0,0,0,0,0,0,0,0,0,0,0,0,0,0,0,33.52,27.14,254,756,8,400,6,0,0,0
2024-09-30 14:39:44,0,0,0,0,0,0,0,0,0,0,0,0,0,0,0,0,0,0,0,0,33.51,27.16,251,753,4,400,6,0,0,0
2024-09-30 14:39:54,0,0,0,0,0,0,0,0,0,0,0,0,0,0,0,0,0,0,0,0,33.5,27.22,254,756,10,400,6,0,0,0
2024-09-30 14:40:04,0,0,0,0,0,0,0,0,0,0,0,0,0,0,0,0,0,0,0,0,33.48,27.19,249,750,14,404,6,0,0,0
2024-09-30 14:40:14,0,0,0,0,0,0,0,0,0,0,0,0,0,0,0,0,0,0,0,0,33.52,27.16,260,763,19,408,6,0,0,0
2024-09-30 14:40:24,0,0,0,0,0,0,0,0,0,0,0,0,0,0,0,0,0,0,0,0,33.52,27.18,256,758,23,410,6,0,0,0
2024-09-30 14:40:34,0,0,0,0,0,0,0,0,0,0,0,0,0,0,0,0,0,0,0,0,33.57,27.12,258,760,18,403,6,0,0,0
2024-09-30 14:40:44,0,0,0,0,0,0,0,0,0,0,0,0,0,0,0,0,0,0,0,0,33.59,27.08,245,747,21,402,6,0,0,0
2024-09-30 14:40:54,0,0,0,0,0,0,0,0,0,0,0,0,0,0,0,0,0,0,0,0,33.62,27.1,246,747,25,400,6,0,0,0
2024-09-30 14:41:05,0,0,0,0,0,0,0,0,0,0,0,0,0,0,0,0,0,0,0,0,33.61,27.06,252,754,6,401,6,0,0,0
2024-09-30 14:41:15,0,0,0,0,0,0,0,0,0,0,0,0,0,0,0,0,0,0,0,0,33.65,27.07,251,752,13,407,6,0,0,0
2024-09-30 14:41:25,0,0,0,0,0,0,0,0,0,0,0,0,0,0,0,0,0,0,0,0,33.61,27.1,246,747,5,406,6,0,0,0
2024-09-30 14:41:35,0,0,0,0,0,0,0,0,0,0,0,0,0,0,0,0,0,0,0,0,33.61,27.08,257,759,15,400,6,0,0,0
2024-09-30 14:41:45,0,0,0,0,0,0,0,0,0,0,0,0,0,0,0,0,0,0,0,0,33.65,27.05,259,762,12,414,6,0,0,0
2024-09-30 14:41:55,0,0,0,0,0,0,0,0,0,0,0,0,0,0,0,0,0,0,0,0,33.63,27.07,265,768,20,430,6,0,0,0
2024-09-30 14:42:05,0,0,0,0,0,0,0,0,0,0,0,0,0,0,0,0,0,0,0,0,33.56,27.12,243,744,38,401,6,0,0,0
2024-09-30 14:42:15,0,0,0,0,0,0,0,0,0,0,0,0,0,0,0,0,0,0,0,0,33.58,27.18,269,772,22,400,6,0,0,0
2024-09-30 14:42:25,0,0,0,0,0,0,0,0,0,0,0,0,0,0,0,0,0,0,0,0,33.55,27.16,260,762,18,400,6,0,0,0
2024-09-30 14:42:35,0,0,0,0,0,0,0,0,0,0,0,0,0,0,0,0,0,0,0,0,33.56,27.15,258,761,12,402,6,0,0,0
2024-09-30 14:42:46,0,0,0,0,0,0,0,0,0,0,0,0,0,0,0,0,0,0,0,0,33.61,27.07,248,750,14,411,6,0,0,0
2024-09-30 14:42:56,0,0,0,0,0,0,0,0,0,0,0,0,0,0,0,0,0,0,0,0,33.62,27.06,255,757,27,400,6,0,0,0
2024-09-30 14:43:06,0,0,0,0,0,0,0,0,0,0,0,0,0,0,0,0,0,0,0,0,33.63,26.97,261,763,27,404,6,0,0,0
2024-09-30 14:43:16,0,0,0,0,0,0,0,0,0,0,0,0,0,0,0,0,0,0,0,0,33.51,27.11,257,759,28,411,6,0,0,0
2024-09-30 14:43:26,0,0,0,0,0,0,0,0,0,0,0,0,0,0,0,0,0,0,0,0,33.38,27.25,254,756,27,404,6,0,0,0
2024-09-30 14:43:36,0,0,0,0,0,0,0,0,0,0,0,0,0,0,0,0,0,0,0,0,33.4,27.29,264,767,23,400,6,0,0,0
2024-09-30 14:43:46,0,0,0,0,0,0,0,0,0,0,0,0,0,0,0,0,0,0,0,0,33.39,27.27,254,756,21,412,6,0,0,0
2024-09-30 14:43:56,0,0,0,0,0,0,0,0,0,0,0,0,0,0,0,0,0,0,0,0,33.45,27.21,278,781,10,400,6,0,0,0
2024-09-30 14:44:07,0,0,0,0,0,0,0,0,0,0,0,0,0,0,0,0,0,0,0,0,33.49,27.15,266,769,10,400,6,0,0,0
2024-09-30 14:44:17,0,0,0,0,0,0,0,0,0,0,0,0,0,0,0,0,0,0,0,0,33.48,27.14,253,754,23,400,6,0,0,0
2024-09-30 14:44:27,0,0,0,0,0,0,0,0,0,0,0,0,0,0,0,0,0,0,0,0,33.46,27.13,277,781,29,404,6,0,0,0
2024-09-30 14:44:37,0,0,0,0,0,0,0,0,0,0,0,0,0,0,0,0,0,0,0,0,33.47,27.13,271,774,18,404,6,0,0,0
2024-09-30 14:44:47,0,0,0,0,0,0,0,0,0,0,0,0,0,0,0,0,0,0,0,0,33.45,27.14,256,758,7,414,6,0,0,0
2024-09-30 14:44:57,0,0,0,0,0,0,0,0,0,0,0,0,0,0,0,0,0,0,0,0,33.43,27.17,248,750,8,400,6,0,0,0
2024-09-30 14:45:07,0,0,0,0,0,0,0,0,0,0,0,0,0,0,0,0,0,0,0,0,33.39,27.15,270,773,14,411,6,0,0,0
2024-09-30 14:45:17,0,0,0,0,0,0,0,0,0,0,0,0,0,0,0,0,0,0,0,0,33.37,27.2,257,759,20,400,6,0,0,0
2024-09-30 14:45:27,0,0,0,0,0,0,0,0,0,0,0,0,0,0,0,0,0,0,0,0,33.4,27.17,258,761,20,400,6,0,0,0
2024-09-30 14:45:37,0,0,0,0,0,0,0,0,0,0,0,0,0,0,0,0,0,0,0,0,33.43,27.14,264,767,18,400,6,0,0,0
2024-09-30 14:45:48,0,0,0,0,0,0,0,0,0,0,0,0,0,0,0,0,0,0,0,0,33.43,27.13,263,765,6,403,6,0,0,0
2024-09-30 14:45:58,0,0,0,0,0,0,0,0,0,0,0,0,0,0,0,0,0,0,0,0,33.42,27.12,270,773,8,402,6,0,0,0
2024-09-30 14:46:08,0,0,0,0,0,0,0,0,0,0,0,0,0,0,0,0,0,0,0,0,33.49,27.02,261,764,11,400,6,0,0,0
2024-09-30 14:46:18,0,0,0,0,0,0,0,0,0,0,0,0,0,0,0,0,0,0,0,0,33.5,27.02,254,756,14,400,6,0,0,0
2024-09-30 14:46:28,0,0,0,0,0,0,0,0,0,0,0,0,0,0,0,0,0,0,0,0,33.53,26.96,242,742,14,400,6,0,0,0
2024-09-30 14:46:38,0,0,0,0,0,0,0,0,0,0,0,0,0,0,0,0,0,0,0,0,33.5,27.01,265,768,31,414,6,0,0,0
2024-09-30 14:46:48,0,0,0,0,0,0,0,0,0,0,0,0,0,0,0,0,0,0,0,0,33.51,26.92,262,764,0,400,6,0,0,0
2024-09-30 14:46:58,0,0,0,0,0,0,0,0,0,0,0,0,0,0,0,0,0,0,0,0,33.51,26.92,256,758,8,400,6,0,0,0
2024-09-30 14:47:08,0,0,0,0,0,0,0,0,0,0,0,0,0,0,0,0,0,0,0,0,33.45,26.98,255,757,21,402,6,0,0,0
2024-09-30 14:47:19,0,0,0,0,0,0,0,0,0,0,0,0,0,0,0,0,0,0,0,0,33.39,27.03,263,766,28,427,6,0,0,0
2024-09-30 14:47:29,0,0,0,0,0,0,0,0,0,0,0,0,0,0,0,0,0,0,0,0,33.37,27.1,255,757,21,400,6,0,0,0
2024-09-30 14:47:39,0,0,0,0,0,0,0,0,0,0,0,0,0,0,0,0,0,0,0,0,33.37,27.1,244,745,26,400,6,0,0,0
2024-09-30 14:47:49,0,0,0,0,0,0,0,0,0,0,0,0,0,0,0,0,0,0,0,0,33.34,27.09,256,759,14,400,6,0,0,0
2024-09-30 14:47:59,0,0,0,0,0,0,0,0,0,0,0,0,0,0,0,0,0,0,0,0,33.33,27.09,267,770,12,400,6,0,0,0
2024-09-30 14:48:09,0,0,0,0,0,0,0,0,0,0,0,0,0,0,0,0,0,0,0,0,33.36,27.1,244,745,0,400,6,0,0,0
2024-09-30 14:48:19,0,0,0,0,0,0,0,0,0,0,0,0,0,0,0,0,0,0,0,0,33.38,27.06,247,748,37,400,6,0,0,0
2024-09-30 14:48:29,0,0,0,0,0,0,0,0,0,0,0,0,0,0,0,0,0,0,0,0,33.4,27.02,244,745,10,400,6,0,0,0
2024-09-30 14:48:39,0,0,0,0,0,0,0,0,0,0,0,0,0,0,0,0,0,0,0,0,33.43,26.97,264,766,13,406,6,0,0,0
2024-09-30 14:48:50,0,0,0,0,0,0,0,0,0,0,0,0,0,0,0,0,0,0,0,0,33.46,26.94,256,758,24,405,6,0,0,0
2024-09-30 14:49:00,0,0,0,0,0,0,0,0,0,0,0,0,0,0,0,0,0,0,0,0,33.51,26.87,263,766,10,400,6,0,0,0
2024-09-30 14:49:10,0,0,0,0,0,0,0,0,0,0,0,0,0,0,0,0,0,0,0,0,33.57,26.73,256,758,21,400,6,0,0,0
2024-09-30 14:49:20,0,0,0,0,0,0,0,0,0,0,0,0,0,0,0,0,0,0,0,0,33.48,26.83,273,776,7,400,6,0,0,0
2024-09-30 14:49:30,0,0,0,0,0,0,0,0,0,0,0,0,0,0,0,0,0,0,0,0,33.57,26.74,250,751,14,400,6,0,0,0
2024-09-30 14:49:40,0,0,0,0,0,0,0,0,0,0,0,0,0,0,0,0,0,0,0,0,33.57,26.71,234,734,24,400,6,0,0,0
2024-09-30 14:49:50,0,0,0,0,0,0,0,0,0,0,0,0,0,0,0,0,0,0,0,0,33.58,26.75,248,750,21,400,6,0,0,0
2024-09-30 14:50:00,0,0,0,0,0,0,0,0,0,0,0,0,0,0,0,0,0,0,0,0,33.51,26.81,254,756,17,400,6,0,0,0
2024-09-30 14:50:10,0,0,0,0,0,0,0,0,0,0,0,0,0,0,0,0,0,0,0,0,33.49,26.8,249,751,14,406,6,0,0,0
2024-09-30 14:50:20,0,0,0,0,0,0,0,0,0,0,0,0,0,0,0,0,0,0,0,0,33.49,26.86,236,736,17,404,6,0,0,0
2024-09-30 14:50:31,0,0,0,0,0,0,0,0,0,0,0,0,0,0,0,0,0,0,0,0,33.42,26.89,245,746,25,402,6,0,0,0
2024-09-30 14:50:41,0,0,0,0,0,0,0,0,0,0,0,0,0,0,0,0,0,0,0,0,33.33,27.03,247,748,11,400,6,0,0,0
2024-09-30 14:50:51,0,0,0,0,0,0,0,0,0,0,0,0,0,0,0,0,0,0,0,0,33.35,27.04,250,752,0,400,6,0,0,0
2024-09-30 14:51:01,0,0,0,0,0,0,0,0,0,0,0,0,0,0,0,0,0,0,0,0,33.31,27.04,244,745,14,400,6,0,0,0
2024-09-30 14:51:11,0,0,0,0,0,0,0,0,0,0,0,0,0,0,0,0,0,0,0,0,33.22,27.15,248,749,2,400,6,0,0,0
2024-09-30 14:51:21,0,0,0,0,0,0,0,0,0,0,0,0,0,0,0,0,0,0,0,0,33.17,27.24,255,757,17,400,6,0,0,0
2024-09-30 14:51:31,0,0,0,0,0,0,0,0,0,0,0,0,0,0,0,0,0,0,0,0,33.23,27.15,250,751,17,400,6,0,0,0
2024-09-30 14:51:41,0,0,0,0,0,0,0,0,0,0,0,0,0,0,0,0,0,0,0,0,33.19,27.24,240,740,7,400,6,0,0,0
2024-09-30 14:51:52,0,0,0,0,0,0,0,0,0,0,0,0,0,0,0,0,0,0,0,0,33.24,27.24,253,755,0,400,6,0,0,0
2024-09-30 14:52:02,0,0,0,0,0,0,0,0,0,0,0,0,0,0,0,0,0,0,0,0,33.22,27.22,260,763,24,406,6,0,0,0
2024-09-30 14:52:12,0,0,0,0,0,0,0,0,0,0,0,0,0,0,0,0,0,0,0,0,33.24,27.2,249,750,18,400,6,0,0,0
2024-09-30 14:52:22,0,0,0,0,0,0,0,0,0,0,0,0,0,0,0,0,0,0,0,0,33.24,27.24,252,754,8,401,6,0,0,0
2024-09-30 14:52:32,0,0,0,0,0,0,0,0,0,0,0,0,0,0,0,0,0,0,0,0,33.22,27.26,252,754,13,400,6,0,0,0
2024-09-30 14:52:42,0,0,0,0,0,0,0,0,0,0,0,0,0,0,0,0,0,0,0,0,33.18,27.27,248,750,9,402,6,0,0,0
2024-09-30 14:52:52,0,0,0,0,0,0,0,0,0,0,0,0,0,0,0,0,0,0,0,0,33.25,27.24,248,749,12,400,6,0,0,0
2024-09-30 14:53:02,0,0,0,0,0,0,0,0,0,0,0,0,0,0,0,0,0,0,0,0,33.32,27.17,253,755,0,400,6,0,0,0
2024-09-30 14:53:12,0,0,0,0,0,0,0,0,0,0,0,0,0,0,0,0,0,0,0,0,33.25,27.23,257,759,8,400,6,0,0,0
2024-09-30 14:53:22,0,0,0,0,0,0,0,0,0,0,0,0,0,0,0,0,0,0,0,0,33.29,27.2,248,750,14,400,6,0,0,0
2024-09-30 14:53:33,0,0,0,0,0,0,0,0,0,0,0,0,0,0,0,0,0,0,0,0,33.34,27.13,240,741,6,400,6,0,0,0
2024-09-30 14:53:43,0,0,0,0,0,0,0,0,0,0,0,0,0,0,0,0,0,0,0,0,33.31,27.21,262,764,13,404,6,0,0,0
2024-09-30 14:53:53,0,0,0,0,0,0,0,0,0,0,0,0,0,0,0,0,0,0,0,0,33.3,27.22,240,740,7,401,6,0,0,0
2024-09-30 14:54:03,0,0,0,0,0,0,0,0,0,0,0,0,0,0,0,0,0,0,0,0,33.3,27.27,254,756,24,418,6,0,0,0
2024-09-30 14:54:13,0,0,0,0,0,0,0,0,0,0,0,0,0,0,0,0,0,0,0,0,33.31,27.19,247,749,24,400,6,0,0,0
2024-09-30 14:54:23,0,0,0,0,0,0,0,0,0,0,0,0,0,0,0,0,0,0,0,0,33.37,27.15,247,748,7,402,6,0,0,0
2024-09-30 14:54:33,0,0,0,0,0,0,0,0,0,0,0,0,0,0,0,0,0,0,0,0,33.32,27.17,254,756,19,400,6,0,0,0
2024-09-30 14:54:43,0,0,0,0,0,0,0,0,0,0,0,0,0,0,0,0,0,0,0,0,33.38,27.12,251,753,0,411,6,0,0,0
2024-09-30 14:54:53,0,0,0,0,0,0,0,0,0,0,0,0,0,0,0,0,0,0,0,0,33.37,27.17,254,756,17,402,6,0,0,0
2024-09-30 14:55:04,0,0,0,0,0,0,0,0,0,0,0,0,0,0,0,0,0,0,0,0,33.43,27.13,232,732,8,419,6,0,0,0
2024-09-30 14:55:14,0,0,0,0,0,0,0,0,0,0,0,0,0,0,0,0,0,0,0,0,33.39,27.14,246,748,11,400,6,0,0,0
2024-09-30 14:55:24,0,0,0,0,0,0,0,0,0,0,0,0,0,0,0,0,0,0,0,0,33.46,27.12,250,751,11,412,6,0,0,0
2024-09-30 14:55:34,0,0,0,0,0,0,0,0,0,0,0,0,0,0,0,0,0,0,0,0,33.41,27.17,249,750,14,400,6,0,0,0
2024-09-30 14:55:44,0,0,0,0,0,0,0,0,0,0,0,0,0,0,0,0,0,0,0,0,33.42,27.16,254,756,12,400,6,0,0,0
2024-09-30 14:55:54,0,0,0,0,0,0,0,0,0,0,0,0,0,0,0,0,0,0,0,0,33.42,27.18,245,746,32,410,6,0,0,0
2024-09-30 14:56:04,0,0,0,0,0,0,0,0,0,0,0,0,0,0,0,0,0,0,0,0,33.4,27.16,253,755,5,406,6,0,0,0
2024-09-30 14:56:14,0,0,0,0,0,0,0,0,0,0,0,0,0,0,0,0,0,0,0,0,33.37,27.19,246,747,13,400,6,0,0,0
2024-09-30 14:56:25,0,0,0,0,0,0,0,0,0,0,0,0,0,0,0,0,0,0,0,0,33.36,27.28,233,733,5,400,6,0,0,0
2024-09-30 14:56:35,0,0,0,0,0,0,0,0,0,0,0,0,0,0,0,0,0,0,0,0,33.37,27.23,242,743,11,403,6,0,0,0
2024-09-30 14:56:45,0,0,0,0,0,0,0,0,0,0,0,0,0,0,0,0,0,0,0,0,33.4,27.22,240,741,11,416,6,0,0,0
2024-09-30 14:56:55,0,0,0,0,0,0,0,0,0,0,0,0,0,0,0,0,0,0,0,0,33.4,27.17,241,741,14,400,6,0,0,0
2024-09-30 14:57:05,0,0,0,0,0,0,0,0,0,0,0,0,0,0,0,0,0,0,0,0,33.46,27.16,237,737,23,401,6,0,0,0
2024-09-30 14:57:15,0,0,0,0,0,0,0,0,0,0,0,0,0,0,0,0,0,0,0,0,33.45,27.17,233,733,9,417,6,0,0,0
2024-09-30 14:57:25,0,0,0,0,0,0,0,0,0,0,0,0,0,0,0,0,0,0,0,0,33.42,27.23,238,738,16,422,6,0,0,0
2024-09-30 14:57:35,0,0,0,0,0,0,0,0,0,0,0,0,0,0,0,0,0,0,0,0,33.46,27.17,239,739,21,419,6,0,0,0
2024-09-30 14:57:46,0,0,0,0,0,0,0,0,0,0,0,0,0,0,0,0,0,0,0,0,33.51,27.12,259,761,7,401,6,0,0,0
2024-09-30 14:57:56,0,0,0,0,0,0,0,0,0,0,0,0,0,0,0,0,0,0,0,0,33.47,27.14,234,734,7,406,6,0,0,0
2024-09-30 14:58:06,0,0,0,0,0,0,0,0,0,0,0,0,0,0,0,0,0,0,0,0,33.43,27.2,239,739,2,400,6,0,0,0
2024-09-30 14:58:16,0,0,0,0,0,0,0,0,0,0,0,0,0,0,0,0,0,0,0,0,33.45,27.16,227,726,22,403,6,0,0,0
2024-09-30 14:58:26,0,0,0,0,0,0,0,0,0,0,0,0,0,0,0,0,0,0,0,0,33.49,27.13,235,735,13,413,6,0,0,0
2024-09-30 14:58:36,0,0,0,0,0,0,0,0,0,0,0,0,0,0,0,0,0,0,0,0,33.55,27.1,237,737,20,400,6,0,0,0
2024-09-30 14:58:46,0,0,0,0,0,0,0,0,0,0,0,0,0,0,0,0,0,0,0,0,33.6,27.06,248,749,12,400,6,0,0,0
2024-09-30 14:58:56,0,0,0,0,0,0,0,0,0,0,0,0,0,0,0,0,0,0,0,0,33.57,27.1,240,741,22,412,6,0,0,0
2024-09-30 14:59:07,0,0,0,0,0,0,0,0,0,0,0,0,0,0,0,0,0,0,0,0,33.54,27.1,244,745,24,423,6,0,0,0
2024-09-30 14:59:17,0,0,0,0,0,0,0,0,0,0,0,0,0,0,0,0,0,0,0,0,33.58,27.07,239,739,21,400,6,0,0,0
2024-09-30 14:59:27,0,0,0,0,0,0,0,0,0,0,0,0,0,0,0,0,0,0,0,0,33.58,27.1,230,729,21,403,6,0,0,0
2024-09-30 14:59:37,0,0,0,0,0,0,0,0,0,0,0,0,0,0,0,0,0,0,0,0,33.49,27.12,242,743,31,422,6,0,0,0
2024-09-30 14:59:47,0,0,0,0,0,0,0,0,0,0,0,0,0,0,0,0,0,0,0,0,33.49,27.14,247,748,6,410,6,0,0,0
2024-09-30 14:59:57,0,0,0,0,0,0,0,0,0,0,0,0,0,0,0,0,0,0,0,0,33.47,27.14,242,743,23,400,6,0,0,0
2024-09-30 15:00:07,0,0,0,0,0,0,0,0,0,0,0,0,0,0,0,0,0,0,0,0,33.43,27.21,233,732,23,400,6,0,0,0
2024-09-30 15:00:17,0,0,0,0,0,0,0,0,0,0,0,0,0,0,0,0,0,0,0,0,33.42,27.22,234,734,8,400,6,0,0,0
2024-09-30 15:00:27,0,0,0,0,0,0,0,0,0,0,0,0,0,0,0,0,0,0,0,0,33.48,27.13,242,742,11,405,6,0,0,0
2024-09-30 15:00:38,0,0,0,0,0,0,0,0,0,0,0,0,0,0,0,0,0,0,0,0,33.45,27.14,229,728,27,400,6,0,0,0
2024-09-30 15:00:48,0,0,0,0,0,0,0,0,0,0,0,0,0,0,0,0,0,0,0,0,33.45,27.15,237,737,12,400,6,0,0,0
2024-09-30 15:00:58,0,0,0,0,0,0,0,0,0,0,0,0,0,0,0,0,0,0,0,0,33.49,27.1,232,731,21,400,6,0,0,0
2024-09-30 15:01:08,0,0,0,0,0,0,0,0,0,0,0,0,0,0,0,0,0,0,0,0,33.47,27.06,240,740,23,431,6,0,0,0
2024-09-30 15:01:18,0,0,0,0,0,0,0,0,0,0,0,0,0,0,0,0,0,0,0,0,33.54,27.03,237,737,28,402,6,0,0,0
2024-09-30 15:01:28,0,0,0,0,0,0,0,0,0,0,0,0,0,0,0,0,0,0,0,0,33.43,27.12,241,742,10,412,6,0,0,0
2024-09-30 15:01:38,0,0,0,0,0,0,0,0,0,0,0,0,0,0,0,0,0,0,0,0,33.42,27.14,241,742,19,400,6,0,0,0
2024-09-30 15:01:48,0,0,0,0,0,0,0,0,0,0,0,0,0,0,0,0,0,0,0,0,33.44,27.07,252,754,18,400,6,0,0,0
2024-09-30 15:01:58,0,0,0,0,0,0,0,0,0,0,0,0,0,0,0,0,0,0,0,0,33.43,27.08,238,739,21,401,6,0,0,0
2024-09-30 15:02:09,0,0,0,0,0,0,0,0,0,0,0,0,0,0,0,0,0,0,0,0,33.41,27.12,235,735,12,406,6,0,0,0
2024-09-30 15:02:19,0,0,0,0,0,0,0,0,0,0,0,0,0,0,0,0,0,0,0,0,33.43,27.09,228,727,6,400,6,0,0,0
2024-09-30 15:02:29,0,0,0,0,0,0,0,0,0,0,0,0,0,0,0,0,0,0,0,0,33.49,27.02,238,738,22,403,6,0,0,0
2024-09-30 15:02:39,0,0,0,0,0,0,0,0,0,0,0,0,0,0,0,0,0,0,0,0,33.49,27.05,228,727,20,400,6,0,0,0
2024-09-30 15:02:49,0,0,0,0,0,0,0,0,0,0,0,0,0,0,0,0,0,0,0,0,33.45,27.04,228,727,28,400,6,0,0,0
2024-09-30 15:02:59,0,0,0,0,0,0,0,0,0,0,0,0,0,0,0,0,0,0,0,0,33.41,27.01,241,742,14,400,6,0,0,0
2024-09-30 15:03:09,0,0,0,0,0,0,0,0,0,0,0,0,0,0,0,0,0,0,0,0,33.45,27.01,230,729,9,400,6,0,0,0
2024-09-30 15:03:19,0,0,0,0,0,0,0,0,0,0,0,0,0,0,0,0,0,0,0,0,33.5,26.95,245,746,14,400,6,0,0,0
2024-09-30 15:03:29,0,0,0,0,0,0,0,0,0,0,0,0,0,0,0,0,0,0,0,0,33.5,26.95,239,740,6,406,6,0,0,0
2024-09-30 15:03:40,0,0,0,0,0,0,0,0,0,0,0,0,0,0,0,0,0,0,0,0,33.47,26.99,224,723,4,400,6,0,0,0
2024-09-30 15:03:50,0,0,0,0,0,0,0,0,0,0,0,0,0,0,0,0,0,0,0,0,33.46,26.97,229,728,19,403,6,0,0,0
2024-09-30 15:04:00,0,0,0,0,0,0,0,0,0,0,0,0,0,0,0,0,0,0,0,0,33.41,27.06,253,755,2,400,6,0,0,0
2024-09-30 15:04:10,0,0,0,0,0,0,0,0,0,0,0,0,0,0,0,0,0,0,0,0,33.43,27.03,235,735,0,400,6,0,0,0
2024-09-30 15:04:20,0,0,0,0,0,0,0,0,0,0,0,0,0,0,0,0,0,0,0,0,33.42,26.98,223,721,18,400,6,0,0,0
2024-09-30 15:04:30,0,0,0,0,0,0,0,0,0,0,0,0,0,0,0,0,0,0,0,0,33.4,26.99,231,731,17,400,6,0,0,0
2024-09-30 15:04:40,0,0,0,0,0,0,0,0,0,0,0,0,0,0,0,0,0,0,0,0,33.47,26.91,235,735,20,400,6,0,0,0
2024-09-30 15:04:50,0,0,0,0,0,0,0,0,0,0,0,0,0,0,0,0,0,0,0,0,33.41,26.96,233,732,14,400,6,0,0,0
2024-09-30 15:05:01,0,0,0,0,0,0,0,0,0,0,0,0,0,0,0,0,0,0,0,0,33.44,26.91,223,720,7,404,6,0,0,0
2024-09-30 15:05:11,0,0,0,0,0,0,0,0,0,0,0,0,0,0,0,0,0,0,0,0,33.44,26.92,225,723,14,400,6,0,0,0
2024-09-30 15:05:21,0,0,0,0,0,0,0,0,0,0,0,0,0,0,0,0,0,0,0,0,33.46,26.92,225,723,1,406,6,0,0,0
2024-09-30 15:05:31,0,0,0,0,0,0,0,0,0,0,0,0,0,0,0,0,0,0,0,0,33.45,26.87,235,734,19,400,6,0,0,0
2024-09-30 15:05:41,0,0,0,0,0,0,0,0,0,0,0,0,0,0,0,0,0,0,0,0,33.59,26.73,238,738,21,400,6,0,0,0
2024-09-30 15:05:51,0,0,0,0,0,0,0,0,0,0,0,0,0,0,0,0,0,0,0,0,33.64,26.63,244,744,20,412,6,0,0,0
2024-09-30 15:06:01,0,0,0,0,0,0,0,0,0,0,0,0,0,0,0,0,0,0,0,0,33.6,26.62,232,731,11,403,6,0,0,0
2024-09-30 15:06:12,0,0,0,0,0,0,0,0,0,0,0,0,0,0,0,0,0,0,0,0,33.55,26.68,227,726,6,400,6,0,0,0
2024-09-30 15:06:22,0,0,0,0,0,0,0,0,0,0,0,0,0,0,0,0,0,0,0,0,33.51,26.79,234,734,13,425,6,0,0,0
2024-09-30 15:06:32,0,0,0,0,0,0,0,0,0,0,0,0,0,0,0,0,0,0,0,0,33.41,26.89,232,731,23,400,6,0,0,0
2024-09-30 15:06:42,0,0,0,0,0,0,0,0,0,0,0,0,0,0,0,0,0,0,0,0,33.46,26.83,230,729,24,403,6,0,0,0
2024-09-30 15:06:52,0,0,0,0,0,0,0,0,0,0,0,0,0,0,0,0,0,0,0,0,33.44,26.83,230,729,4,400,6,0,0,0
2024-09-30 15:07:02,0,0,0,0,0,0,0,0,0,0,0,0,0,0,0,0,0,0,0,0,33.46,26.81,239,739,2,400,6,0,0,0
2024-09-30 15:07:12,0,0,0,0,0,0,0,0,0,0,0,0,0,0,0,0,0,0,0,0,33.44,26.8,225,723,6,400,6,0,0,0
2024-09-30 15:07:22,0,0,0,0,0,0,0,0,0,0,0,0,0,0,0,0,0,0,0,0,33.43,26.82,236,736,20,406,6,0,0,0
2024-09-30 15:07:32,0,0,0,0,0,0,0,0,0,0,0,0,0,0,0,0,0,0,0,0,33.49,26.75,229,728,16,400,6,0,0,0
2024-09-30 15:07:43,0,0,0,0,0,0,0,0,0,0,0,0,0,0,0,0,0,0,0,0,33.51,26.72,228,727,32,411,6,0,0,0
2024-09-30 15:07:53,0,0,0,0,0,0,0,0,0,0,0,0,0,0,0,0,0,0,0,0,33.52,26.72,224,722,14,400,6,0,0,0
2024-09-30 15:08:03,0,0,0,0,0,0,0,0,0,0,0,0,0,0,0,0,0,0,0,0,33.47,26.74,245,746,5,407,6,0,0,0
2024-09-30 15:08:13,0,0,0,0,0,0,0,0,0,0,0,0,0,0,0,0,0,0,0,0,33.41,26.8,246,747,19,416,6,0,0,0
2024-09-30 15:08:23,0,0,0,0,0,0,0,0,0,0,0,0,0,0,0,0,0,0,0,0,33.46,26.74,235,735,22,400,6,0,0,0
2024-09-30 15:08:33,0,0,0,0,0,0,0,0,0,0,0,0,0,0,0,0,0,0,0,0,33.47,26.77,229,728,14,400,6,0,0,0
2024-09-30 15:08:43,0,0,0,0,0,0,0,0,0,0,0,0,0,0,0,0,0,0,0,0,33.41,26.85,238,738,13,400,6,0,0,0
2024-09-30 15:08:53,0,0,0,0,0,0,0,0,0,0,0,0,0,0,0,0,0,0,0,0,33.41,26.84,226,725,10,407,6,0,0,0
2024-09-30 15:09:04,0,0,0,0,0,0,0,0,0,0,0,0,0,0,0,0,0,0,0,0,33.35,26.95,232,731,7,408,6,0,0,0
2024-09-30 15:09:14,0,0,0,0,0,0,0,0,0,0,0,0,0,0,0,0,0,0,0,0,33.42,26.9,236,736,8,400,6,0,0,0
2024-09-30 15:09:24,0,0,0,0,0,0,0,0,0,0,0,0,0,0,0,0,0,0,0,0,33.44,26.83,226,725,8,400,6,0,0,0
2024-09-30 15:09:34,0,0,0,0,0,0,0,0,0,0,0,0,0,0,0,0,0,0,0,0,33.5,26.8,234,734,9,400,6,0,0,0
2024-09-30 15:09:44,0,0,0,0,0,0,0,0,0,0,0,0,0,0,0,0,0,0,0,0,33.46,26.8,219,717,13,407,6,0,0,0
2024-09-30 15:09:54,0,0,0,0,0,0,0,0,0,0,0,0,0,0,0,0,0,0,0,0,33.45,26.84,236,736,13,400,6,0,0,0
2024-09-30 15:10:04,0,0,0,0,0,0,0,0,0,0,0,0,0,0,0,0,0,0,0,0,33.46,26.79,236,736,12,417,6,0,0,0
2024-09-30 15:10:14,0,0,0,0,0,0,0,0,0,0,0,0,0,0,0,0,0,0,0,0,33.47,26.82,217,714,5,413,6,0,0,0
2024-09-30 15:10:24,0,0,0,0,0,0,0,0,0,0,0,0,0,0,0,0,0,0,0,0,33.48,26.83,229,728,0,400,6,0,0,0
2024-09-30 15:10:35,0,0,0,0,0,0,0,0,0,0,0,0,0,0,0,0,0,0,0,0,33.48,26.87,228,727,22,400,6,0,0,0
2024-09-30 15:10:45,0,0,0,0,0,0,0,0,0,0,0,0,0,0,0,0,0,0,0,0,33.44,26.93,227,725,5,417,6,0,0,0
2024-09-30 15:10:55,0,0,0,0,0,0,0,0,0,0,0,0,0,0,0,0,0,0,0,0,33.5,26.84,237,737,13,400,6,0,0,0
2024-09-30 15:11:05,0,0,0,0,0,0,0,0,0,0,0,0,0,0,0,0,0,0,0,0,33.48,26.95,221,718,19,409,6,0,0,0
2024-09-30 15:11:15,0,0,0,0,0,0,0,0,0,0,0,0,0,0,0,0,0,0,0,0,33.48,26.89,217,714,24,417,6,0,0,0
2024-09-30 15:11:25,0,0,0,0,0,0,0,0,0,0,0,0,0,0,0,0,0,0,0,0,33.49,26.87,222,720,17,417,6,0,0,0
2024-09-30 15:11:35,0,0,0,0,0,0,0,0,0,0,0,0,0,0,0,0,0,0,0,0,33.56,26.84,222,719,4,404,6,0,0,0
2024-09-30 15:11:45,0,0,0,0,0,0,0,0,0,0,0,0,0,0,0,0,0,0,0,0,33.59,26.78,227,726,21,408,6,0,0,0
2024-09-30 15:11:55,0,0,0,0,0,0,0,0,0,0,0,0,0,0,0,0,0,0,0,0,33.62,26.73,233,732,15,405,6,0,0,0
2024-09-30 15:12:06,0,0,0,0,0,0,0,0,0,0,0,0,0,0,0,0,0,0,0,0,33.65,26.75,227,726,19,400,6,0,0,0
2024-09-30 15:12:16,0,0,0,0,0,0,0,0,0,0,0,0,0,0,0,0,0,0,0,0,33.61,26.73,231,730,17,403,6,0,0,0
2024-09-30 15:12:26,0,0,0,0,0,0,0,0,0,0,0,0,0,0,0,0,0,0,0,0,33.6,26.77,230,729,11,400,6,0,0,0
2024-09-30 15:12:36,0,0,0,0,0,0,0,0,0,0,0,0,0,0,0,0,0,0,0,0,33.61,26.74,231,730,13,409,6,0,0,0
2024-09-30 15:12:46,0,0,0,0,0,0,0,0,0,0,0,0,0,0,0,0,0,0,0,0,33.63,26.77,237,737,9,412,6,0,0,0
2024-09-30 15:12:56,0,0,0,0,0,0,0,0,0,0,0,0,0,0,0,0,0,0,0,0,33.61,26.83,228,727,26,417,6,0,0,0
2024-09-30 15:13:06,0,0,0,0,0,0,0,0,0,0,0,0,0,0,0,0,0,0,0,0,33.59,26.81,223,721,17,402,6,0,0,0
2024-09-30 15:13:16,0,0,0,0,0,0,0,0,0,0,0,0,0,0,0,0,0,0,0,0,33.62,26.82,236,736,14,410,6,0,0,0
2024-09-30 15:13:26,0,0,0,0,0,0,0,0,0,0,0,0,0,0,0,0,0,0,0,0,33.65,26.76,240,741,10,400,6,0,0,0
2024-09-30 15:13:37,0,0,0,0,0,0,0,0,0,0,0,0,0,0,0,0,0,0,0,0,33.63,26.77,222,720,20,415,6,0,0,0
2024-09-30 15:13:47,0,0,0,0,0,0,0,0,0,0,0,0,0,0,0,0,0,0,0,0,33.66,26.78,229,728,0,400,6,0,0,0
2024-09-30 15:13:57,0,0,0,0,0,0,0,0,0,0,0,0,0,0,0,0,0,0,0,0,33.67,26.75,231,730,25,415,6,0,0,0
2024-09-30 15:14:07,0,0,0,0,0,0,0,0,0,0,0,0,0,0,0,0,0,0,0,0,33.58,26.87,236,736,32,428,6,0,0,0
2024-09-30 15:14:17,0,0,0,0,0,0,0,0,0,0,0,0,0,0,0,0,0,0,0,0,33.63,26.84,232,731,13,423,6,0,0,0
2024-09-30 15:14:27,0,0,0,0,0,0,0,0,0,0,0,0,0,0,0,0,0,0,0,0,33.6,26.88,227,725,16,418,6,0,0,0
2024-09-30 15:14:37,0,0,0,0,0,0,0,0,0,0,0,0,0,0,0,0,0,0,0,0,33.57,26.93,233,732,16,420,6,0,0,0
2024-09-30 15:14:47,0,0,0,0,0,0,0,0,0,0,0,0,0,0,0,0,0,0,0,0,33.67,26.88,224,722,7,405,6,0,0,0
2024-09-30 15:14:58,0,0,0,0,0,0,0,0,0,0,0,0,0,0,0,0,0,0,0,0,33.69,26.78,231,730,13,416,6,0,0,0
2024-09-30 15:15:08,0,0,0,0,0,0,0,0,0,0,0,0,0,0,0,0,0,0,0,0,33.64,26.84,231,730,7,422,6,0,0,0
2024-09-30 15:15:18,0,0,0,0,0,0,0,0,0,0,0,0,0,0,0,0,0,0,0,0,33.66,26.87,225,723,17,412,6,0,0,0
2024-09-30 15:15:28,0,0,0,0,0,0,0,0,0,0,0,0,0,0,0,0,0,0,0,0,33.65,26.9,228,727,26,426,6,0,0,0
2024-09-30 15:15:38,0,0,0,0,0,0,0,0,0,0,0,0,0,0,0,0,0,0,0,0,33.71,26.86,218,716,14,411,6,0,0,0
2024-09-30 15:15:48,0,0,0,0,0,0,0,0,0,0,0,0,0,0,0,0,0,0,0,0,33.62,26.92,231,730,33,412,6,0,0,0
2024-09-30 15:15:58,0,0,0,0,0,0,0,0,0,0,0,0,0,0,0,0,0,0,0,0,33.68,26.94,221,719,27,431,6,0,0,0
2024-09-30 15:16:08,0,0,0,0,0,0,0,0,0,0,0,0,0,0,0,0,0,0,0,0,33.71,26.85,223,720,17,410,6,0,0,0
2024-09-30 15:16:19,0,0,0,0,0,0,0,0,0,0,0,0,0,0,0,0,0,0,0,0,33.71,26.79,237,738,26,434,6,0,0,0
2024-09-30 15:16:29,0,0,0,0,0,0,0,0,0,0,0,0,0,0,0,0,0,0,0,0,33.76,26.75,236,736,16,400,6,0,0,0
2024-09-30 15:16:39,0,0,0,0,0,0,0,0,0,0,0,0,0,0,0,0,0,0,0,0,33.75,26.75,231,730,15,414,6,0,0,0
2024-09-30 15:16:49,0,0,0,0,0,0,0,0,0,0,0,0,0,0,0,0,0,0,0,0,33.83,26.66,224,722,27,409,6,0,0,0
2024-09-30 15:16:59,0,0,0,0,0,0,0,0,0,0,0,0,0,0,0,0,0,0,0,0,33.88,26.55,224,722,21,414,6,0,0,0
2024-09-30 15:17:09,0,0,0,0,0,0,0,0,0,0,0,0,0,0,0,0,0,0,0,0,33.88,26.57,235,734,13,400,6,0,0,0
2024-09-30 15:17:19,0,0,0,0,0,0,0,0,0,0,0,0,0,0,0,0,0,0,0,0,33.84,26.57,228,726,30,407,6,0,0,0
2024-09-30 15:17:29,0,0,0,0,0,0,0,0,0,0,0,0,0,0,0,0,0,0,0,0,33.84,26.58,223,720,18,412,6,0,0,0
2024-09-30 15:17:40,0,0,0,0,0,0,0,0,0,0,0,0,0,0,0,0,0,0,0,0,33.81,26.59,229,728,30,412,6,0,0,0
2024-09-30 15:17:50,0,0,0,0,0,0,0,0,0,0,0,0,0,0,0,0,0,0,0,0,33.82,26.56,225,724,18,404,6,0,0,0
2024-09-30 15:18:00,0,0,0,0,0,0,0,0,0,0,0,0,0,0,0,0,0,0,0,0,33.81,26.6,225,723,11,431,6,0,0,0
2024-09-30 15:18:10,0,0,0,0,0,0,0,0,0,0,0,0,0,0,0,0,0,0,0,0,33.84,26.57,217,714,22,419,6,0,0,0
2024-09-30 15:18:20,0,0,0,0,0,0,0,0,0,0,0,0,0,0,0,0,0,0,0,0,33.83,26.57,222,720,11,429,6,0,0,0
2024-09-30 15:18:30,0,0,0,0,0,0,0,0,0,0,0,0,0,0,0,0,0,0,0,0,33.75,26.59,225,723,25,409,6,0,0,0
2024-09-30 15:18:40,0,0,0,0,0,0,0,0,0,0,0,0,0,0,0,0,0,0,0,0,33.72,26.67,233,732,16,412,6,0,0,0
2024-09-30 15:18:51,0,0,0,0,0,0,0,0,0,0,0,0,0,0,0,0,0,0,0,0,33.58,26.89,230,729,38,413,6,0,0,0
2024-09-30 15:19:01,0,0,0,0,0,0,0,0,0,0,0,0,0,0,0,0,0,0,0,0,33.48,26.97,217,714,16,405,6,0,0,0
2024-09-30 15:19:11,0,0,0,0,0,0,0,0,0,0,0,0,0,0,0,0,0,0,0,0,33.39,27.1,235,735,21,430,6,0,0,0
2024-09-30 15:19:21,0,0,0,0,0,0,0,0,0,0,0,0,0,0,0,0,0,0,0,0,33.42,27.16,227,726,15,406,6,0,0,0
2024-09-30 15:19:31,0,0,0,0,0,0,0,0,0,0,0,0,0,0,0,0,0,0,0,0,33.39,27.15,227,725,13,402,6,0,0,0
2024-09-30 15:19:41,0,0,0,0,0,0,0,0,0,0,0,0,0,0,0,0,0,0,0,0,33.38,27.18,232,731,19,416,6,0,0,0
2024-09-30 15:19:51,0,0,0,0,0,0,0,0,0,0,0,0,0,0,0,0,0,0,0,0,33.39,27.19,234,733,13,413,6,0,0,0
2024-09-30 15:20:01,0,0,0,0,0,0,0,0,0,0,0,0,0,0,0,0,0,0,0,0,33.43,27.16,228,727,18,406,6,0,0,0
2024-09-30 15:20:12,0,0,0,0,0,0,0,0,0,0,0,0,0,0,0,0,0,0,0,0,33.36,27.21,218,715,8,412,6,0,0,0
2024-09-30 15:20:22,0,0,0,0,0,0,0,0,0,0,0,0,0,0,0,0,0,0,0,0,33.39,27.19,215,712,11,418,6,0,0,0
2024-09-30 15:20:32,0,0,0,0,0,0,0,0,0,0,0,0,0,0,0,0,0,0,0,0,33.43,27.17,216,713,27,433,6,0,0,0
2024-09-30 15:20:42,0,0,0,0,0,0,0,0,0,0,0,0,0,0,0,0,0,0,0,0,33.47,27.16,223,720,6,411,6,0,0,0
2024-09-30 15:20:52,0,0,0,0,0,0,0,0,0,0,0,0,0,0,0,0,0,0,0,0,33.47,27.12,227,725,19,410,6,0,0,0
2024-09-30 15:21:02,0,0,0,0,0,0,0,0,0,0,0,0,0,0,0,0,0,0,0,0,33.45,27.11,217,714,17,414,6,0,0,0
2024-09-30 15:21:12,0,0,0,0,0,0,0,0,0,0,0,0,0,0,0,0,0,0,0,0,33.49,27.07,230,730,19,400,6,0,0,0
2024-09-30 15:21:22,0,0,0,0,0,0,0,0,0,0,0,0,0,0,0,0,0,0,0,0,33.38,27.24,216,713,36,435,6,0,0,0
2024-09-30 15:21:33,0,0,0,0,0,0,0,0,0,0,0,0,0,0,0,0,0,0,0,0,33.38,27.27,235,735,31,415,6,0,0,0
2024-09-30 15:21:43,0,0,0,0,0,0,0,0,0,0,0,0,0,0,0,0,0,0,0,0,33.42,27.29,229,728,19,400,6,0,0,0
2024-09-30 15:21:53,0,0,0,0,0,0,0,0,0,0,0,0,0,0,0,0,0,0,0,0,33.44,27.26,231,730,18,406,6,0,0,0
2024-09-30 15:22:03,0,0,0,0,0,0,0,0,0,0,0,0,0,0,0,0,0,0,0,0,33.45,27.32,230,729,15,429,6,0,0,0
2024-09-30 15:22:13,0,0,0,0,0,0,0,0,0,0,0,0,0,0,0,0,0,0,0,0,33.45,27.28,231,730,24,433,6,0,0,0
2024-09-30 15:22:23,0,0,0,0,0,0,0,0,0,0,0,0,0,0,0,0,0,0,0,0,33.4,27.27,218,715,23,408,6,0,0,0
2024-09-30 15:22:33,0,0,0,0,0,0,0,0,0,0,0,0,0,0,0,0,0,0,0,0,33.44,27.26,237,737,21,417,6,0,0,0
2024-09-30 15:22:44,0,0,0,0,0,0,0,0,0,0,0,0,0,0,0,0,0,0,0,0,33.5,27.23,231,731,24,407,6,0,0,0
2024-09-30 15:22:54,0,0,0,0,0,0,0,0,0,0,0,0,0,0,0,0,0,0,0,0,33.58,27.18,231,730,27,422,6,0,0,0
2024-09-30 15:23:04,0,0,0,0,0,0,0,0,0,0,0,0,0,0,0,0,0,0,0,0,33.61,27.1,232,731,15,414,6,0,0,0
2024-09-30 15:23:14,0,0,0,0,0,0,0,0,0,0,0,0,0,0,0,0,0,0,0,0,33.69,27.02,229,728,40,429,6,0,0,0
2024-09-30 15:23:24,0,0,0,0,0,0,0,0,0,0,0,0,0,0,0,0,0,0,0,0,33.65,26.98,223,721,14,422,6,0,0,0
2024-09-30 15:23:34,0,0,0,0,0,0,0,0,0,0,0,0,0,0,0,0,0,0,0,0,33.68,27.02,223,721,22,430,6,0,0,0
2024-09-30 15:23:44,0,0,0,0,0,0,0,0,0,0,0,0,0,0,0,0,0,0,0,0,33.68,27.03,240,741,26,429,6,0,0,0
2024-09-30 15:23:54,0,0,0,0,0,0,0,0,0,0,0,0,0,0,0,0,0,0,0,0,33.65,27,231,730,18,422,6,0,0,0
2024-09-30 15:24:05,0,0,0,0,0,0,0,0,0,0,0,0,0,0,0,0,0,0,0,0,33.66,27.04,235,735,26,416,6,0,0,0
2024-09-30 15:24:15,0,0,0,0,0,0,0,0,0,0,0,0,0,0,0,0,0,0,0,0,33.63,27.07,229,728,20,440,6,0,0,0
2024-09-30 15:24:25,0,0,0,0,0,0,0,0,0,0,0,0,0,0,0,0,0,0,0,0,33.68,27.04,234,733,27,422,6,0,0,0
2024-09-30 15:24:35,0,0,0,0,0,0,0,0,0,0,0,0,0,0,0,0,0,0,0,0,33.67,27,231,730,12,427,6,0,0,0
2024-09-30 15:24:45,0,0,0,0,0,0,0,0,0,0,0,0,0,0,0,0,0,0,0,0,33.72,26.97,222,719,30,429,6,0,0,0
2024-09-30 15:24:55,0,0,0,0,0,0,0,0,0,0,0,0,0,0,0,0,0,0,0,0,33.69,27.02,218,715,31,434,6,0,0,0
2024-09-30 15:25:05,0,0,0,0,0,0,0,0,0,0,0,0,0,0,0,0,0,0,0,0,33.66,27.02,233,732,16,428,6,0,0,0
2024-09-30 15:25:16,0,0,0,0,0,0,0,0,0,0,0,0,0,0,0,0,0,0,0,0,33.75,27,226,724,23,419,6,0,0,0
2024-09-30 15:25:26,0,0,0,0,0,0,0,0,0,0,0,0,0,0,0,0,0,0,0,0,33.69,26.98,237,737,17,438,6,0,0,0
2024-09-30 15:25:36,0,0,0,0,0,0,0,0,0,0,0,0,0,0,0,0,0,0,0,0,33.67,27.04,229,728,29,415,6,0,0,0
2024-09-30 15:25:46,0,0,0,0,0,0,0,0,0,0,0,0,0,0,0,0,0,0,0,0,33.64,27.07,228,727,35,429,6,0,0,0
2024-09-30 15:25:56,0,0,0,0,0,0,0,0,0,0,0,0,0,0,0,0,0,0,0,0,33.69,27.1,231,730,27,456,6,0,0,0
2024-09-30 15:26:06,0,0,0,0,0,0,0,0,0,0,0,0,0,0,0,0,0,0,0,0,33.68,27.07,233,733,15,429,6,0,0,0
2024-09-30 15:26:16,0,0,0,0,0,0,0,0,0,0,0,0,0,0,0,0,0,0,0,0,33.78,27.02,219,717,34,424,6,0,0,0
2024-09-30 15:26:26,0,0,0,0,0,0,0,0,0,0,0,0,0,0,0,0,0,0,0,0,33.73,27.02,232,732,22,429,6,0,0,0
2024-09-30 15:26:37,0,0,0,0,0,0,0,0,0,0,0,0,0,0,0,0,0,0,0,0,33.74,26.96,227,726,37,430,6,0,0,0
2024-09-30 15:26:47,0,0,0,0,0,0,0,0,0,0,0,0,0,0,0,0,0,0,0,0,33.69,27.03,243,744,14,408,6,0,0,0
2024-09-30 15:26:57,0,0,0,0,0,0,0,0,0,0,0,0,0,0,0,0,0,0,0,0,33.65,27.07,217,714,30,430,6,0,0,0
2024-09-30 15:27:07,0,0,0,0,0,0,0,0,0,0,0,0,0,0,0,0,0,0,0,0,33.7,27.09,227,726,30,421,6,0,0,0
2024-09-30 15:27:17,0,0,0,0,0,0,0,0,0,0,0,0,0,0,0,0,0,0,0,0,33.76,26.99,226,725,18,420,6,0,0,0
2024-09-30 15:27:27,0,0,0,0,0,0,0,0,0,0,0,0,0,0,0,0,0,0,0,0,33.76,26.96,220,717,23,426,6,0,0,0
2024-09-30 15:27:37,0,0,0,0,0,0,0,0,0,0,0,0,0,0,0,0,0,0,0,0,33.75,26.99,223,721,29,419,6,0,0,0
2024-09-30 15:27:47,0,0,0,0,0,0,0,0,0,0,0,0,0,0,0,0,0,0,0,0,33.79,26.93,228,727,21,428,6,0,0,0
2024-09-30 15:27:58,0,0,0,0,0,0,0,0,0,0,0,0,0,0,0,0,0,0,0,0,33.82,26.99,215,711,22,406,6,0,0,0
2024-09-30 15:28:08,0,0,0,0,0,0,0,0,0,0,0,0,0,0,0,0,0,0,0,0,33.75,27,215,711,36,421,6,0,0,0
2024-09-30 15:28:18,0,0,0,0,0,0,0,0,0,0,0,0,0,0,0,0,0,0,0,0,33.77,26.97,223,720,20,418,6,0,0,0
2024-09-30 15:28:28,0,0,0,0,0,0,0,0,0,0,0,0,0,0,0,0,0,0,0,0,33.81,26.91,220,717,20,422,6,0,0,0
2024-09-30 15:28:38,0,0,0,0,0,0,0,0,0,0,0,0,0,0,0,0,0,0,0,0,33.82,26.9,230,729,12,429,6,0,0,0
2024-09-30 15:28:48,0,0,0,0,0,0,0,0,0,0,0,0,0,0,0,0,0,0,0,0,33.86,26.9,228,726,13,432,6,0,0,0
2024-09-30 15:28:58,0,0,0,0,0,0,0,0,0,0,0,0,0,0,0,0,0,0,0,0,33.89,26.9,225,723,20,431,6,0,0,0
2024-09-30 15:29:09,0,0,0,0,0,0,0,0,0,0,0,0,0,0,0,0,0,0,0,0,33.91,26.85,225,724,30,411,6,0,0,0
2024-09-30 15:29:19,0,0,0,0,0,0,0,0,0,0,0,0,0,0,0,0,0,0,0,0,33.9,26.85,215,712,24,423,6,0,0,0
2024-09-30 15:29:29,0,0,0,0,0,0,0,0,0,0,0,0,0,0,0,0,0,0,0,0,33.81,26.96,218,716,15,461,6,0,0,0
2024-09-30 15:29:39,0,0,0,0,0,0,0,0,0,0,0,0,0,0,0,0,0,0,0,0,33.79,26.94,226,724,31,445,6,0,0,0
2024-09-30 15:29:49,0,0,0,0,0,0,0,0,0,0,0,0,0,0,0,0,0,0,0,0,33.79,26.97,230,729,29,424,6,0,0,0
2024-09-30 15:29:59,0,0,0,0,0,0,0,0,0,0,0,0,0,0,0,0,0,0,0,0,33.76,27.03,228,727,25,411,6,0,0,0
2024-09-30 15:30:09,0,0,0,0,0,0,0,0,0,0,0,0,0,0,0,0,0,0,0,0,33.76,27,226,724,30,440,6,0,0,0
2024-09-30 15:30:20,0,0,0,0,0,0,0,0,0,0,0,0,0,0,0,0,0,0,0,0,33.76,27.07,223,721,26,430,6,0,0,0
2024-09-30 15:30:30,0,0,0,0,0,0,0,0,0,0,0,0,0,0,0,0,0,0,0,0,33.89,26.92,224,722,30,430,6,0,0,0
2024-09-30 15:30:40,0,0,0,0,0,0,0,0,0,0,0,0,0,0,0,0,0,0,0,0,33.93,26.87,223,721,32,425,6,0,0,0
2024-09-30 15:30:50,0,0,0,0,0,0,0,0,0,0,0,0,0,0,0,0,0,0,0,0,33.95,26.88,233,732,33,449,6,0,0,0
2024-09-30 15:31:00,0,0,0,0,0,0,0,0,0,0,0,0,0,0,0,0,0,0,0,0,33.91,26.87,227,726,25,431,6,0,0,0
2024-09-30 15:31:10,0,0,0,0,0,0,0,0,0,0,0,0,0,0,0,0,0,0,0,0,33.93,26.87,242,742,45,429,6,0,0,0
2024-09-30 15:31:20,0,0,0,0,0,0,0,0,0,0,0,0,0,0,0,0,0,0,0,0,33.95,26.88,227,726,24,439,6,0,0,0
2024-09-30 15:31:31,0,0,0,0,0,0,0,0,0,0,0,0,0,0,0,0,0,0,0,0,33.95,26.83,221,719,28,423,6,0,0,0
2024-09-30 15:31:41,0,0,0,0,0,0,0,0,0,0,0,0,0,0,0,0,0,0,0,0,33.97,26.83,221,718,38,442,6,0,0,0
2024-09-30 15:31:51,0,0,0,0,0,0,0,0,0,0,0,0,0,0,0,0,0,0,0,0,33.92,26.89,215,712,29,409,6,0,0,0
2024-09-30 15:32:01,0,0,0,0,0,0,0,0,0,0,0,0,0,0,0,0,0,0,0,0,33.9,26.92,221,718,40,451,6,0,0,0
2024-09-30 15:32:11,0,0,0,0,0,0,0,0,0,0,0,0,0,0,0,0,0,0,0,0,33.85,26.98,225,723,38,437,6,0,0,0
2024-09-30 15:32:21,0,0,0,0,0,0,0,0,0,0,0,0,0,0,0,0,0,0,0,0,33.89,27.01,231,731,31,445,6,0,0,0
2024-09-30 15:32:31,0,0,0,0,0,0,0,0,0,0,0,0,0,0,0,0,0,0,0,0,33.94,26.93,219,716,27,439,6,0,0,0
2024-09-30 15:32:42,0,0,0,0,0,0,0,0,0,0,0,0,0,0,0,0,0,0,0,0,33.98,26.94,221,719,36,454,6,0,0,0
2024-09-30 15:32:52,0,0,0,0,0,0,0,0,0,0,0,0,0,0,0,0,0,0,0,0,33.97,26.93,232,731,18,439,6,0,0,0
2024-09-30 15:33:02,0,0,0,0,0,0,0,0,0,0,0,0,0,0,0,0,0,0,0,0,34.06,26.83,236,736,31,462,6,0,0,0
2024-09-30 15:33:12,0,0,0,0,0,0,0,0,0,0,0,0,0,0,0,0,0,0,0,0,34.08,26.83,225,723,29,442,6,0,0,0
2024-09-30 15:33:22,0,0,0,0,0,0,0,0,0,0,0,0,0,0,0,0,0,0,0,0,34.02,26.88,234,734,21,434,6,0,0,0
2024-09-30 15:33:32,0,0,0,0,0,0,0,0,0,0,0,0,0,0,0,0,0,0,0,0,33.99,26.91,224,723,41,428,6,0,0,0
2024-09-30 15:33:42,0,0,0,0,0,0,0,0,0,0,0,0,0,0,0,0,0,0,0,0,34.05,26.92,221,719,29,455,6,0,0,0
2024-09-30 15:33:53,0,0,0,0,0,0,0,0,0,0,0,0,0,0,0,0,0,0,0,0,33.98,26.89,216,712,26,450,6,0,0,0
2024-09-30 15:34:03,0,0,0,0,0,0,0,0,0,0,0,0,0,0,0,0,0,0,0,0,33.96,26.92,228,727,24,443,11,0,0,0
2024-09-30 15:34:13,0,0,0,0,0,0,0,0,0,0,0,0,0,0,0,0,0,0,0,0,33.94,26.93,241,742,38,454,9,0,0,0
2024-09-30 15:34:23,0,0,0,0,0,0,0,0,0,0,0,0,0,0,0,0,0,0,0,0,33.89,27.1,232,731,33,450,9,0,0,0
2024-09-30 15:34:33,0,0,0,0,0,0,0,0,0,0,0,0,0,0,0,0,0,0,0,0,33.9,27.09,233,732,40,446,9,0,0,0
2024-09-30 15:34:43,0,0,0,0,0,0,0,0,0,0,0,0,0,0,0,0,0,0,0,0,33.83,27.21,233,732,22,457,9,0,0,0
2024-09-30 15:34:53,0,0,0,0,0,0,0,0,0,0,0,0,0,0,0,0,0,0,0,0,33.9,27.19,231,731,24,437,9,0,0,0
2024-09-30 15:35:04,0,0,0,0,0,0,0,0,0,0,0,0,0,0,0,0,0,0,0,0,33.91,27.26,242,743,39,464,9,0,0,0
2024-09-30 15:35:14,0,0,0,0,0,0,0,0,0,0,0,0,0,0,0,0,0,0,0,0,33.83,27.46,245,746,45,454,9,0,0,0
2024-09-30 15:35:24,0,0,0,0,0,0,0,0,0,0,0,0,0,0,0,0,0,0,0,0,33.79,27.49,238,738,52,473,9,0,0,0
2024-09-30 15:35:34,0,0,0,0,0,0,0,0,0,0,0,0,0,0,0,0,0,0,0,0,33.75,27.46,260,763,38,473,9,0,0,0
2024-09-30 15:35:44,0,0,0,0,0,0,0,0,0,0,0,0,0,0,0,0,0,0,0,0,33.77,27.4,258,760,29,444,9,0,0,0
2024-09-30 15:35:54,0,0,0,0,0,0,0,0,0,0,0,0,0,0,0,0,0,0,0,0,33.8,27.35,256,758,42,429,9,0,0,0
2024-09-30 15:36:04,0,0,0,0,0,0,0,0,0,0,0,0,0,0,0,0,0,0,0,0,33.87,27.29,248,749,39,475,9,0,0,0
2024-09-30 15:36:15,0,0,0,0,0,0,0,0,0,0,0,0,0,0,0,0,0,0,0,0,33.87,27.27,265,768,54,478,9,0,0,0
2024-09-30 15:36:25,0,0,0,0,0,0,0,0,0,0,0,0,0,0,0,0,0,0,0,0,33.9,27.4,249,750,40,488,9,0,0,0
2024-09-30 15:36:35,0,0,0,0,0,0,0,0,0,0,0,0,0,0,0,0,0,0,0,0,34.02,27.24,434,846,56,695,9,0,0,0
2024-09-30 15:36:45,0,0,0,0,0,0,0,0,0,0,0,0,0,0,0,0,0,0,0,0,34.02,27.15,334,813,80,584,9,0,0,0
2024-09-30 15:36:55,0,0,0,0,0,0,0,0,0,0,0,0,0,0,0,0,0,0,0,0,34.03,27.08,291,795,87,592,9,0,0,0
2024-09-30 15:37:05,0,0,0,0,0,0,0,0,0,0,0,0,0,0,0,0,0,0,0,0,34.05,27.22,283,786,69,525,9,0,0,0
2024-09-30 15:37:15,0,0,0,0,0,0,0,0,0,0,0,0,0,0,0,0,0,0,0,0,33.96,27.15,287,791,71,509,9,0,0,0
2024-09-30 15:37:26,0,0,0,0,0,0,0,0,0,0,0,0,0,0,0,0,0,0,0,0,33.98,27.14,270,773,57,513,9,0,0,0
2024-09-30 15:37:36,0,0,0,0,0,0,0,0,0,0,0,0,0,0,0,0,0,0,0,0,33.99,27.1,262,765,61,479,9,0,0,0
2024-09-30 15:37:46,0,0,0,0,0,0,0,0,0,0,0,0,0,0,0,0,0,0,0,0,34.02,27.04,262,764,54,487,9,0,0,0
2024-09-30 15:37:56,0,0,0,0,0,0,0,0,0,0,0,0,0,0,0,0,0,0,0,0,34.09,26.98,253,755,48,486,9,0,0,0
2024-09-30 15:38:06,0,0,0,0,0,0,0,0,0,0,0,0,0,0,0,0,0,0,0,0,34.12,26.95,255,757,56,482,9,0,0,0
2024-09-30 15:38:16,0,0,0,0,0,0,0,0,0,0,0,0,0,0,0,0,0,0,0,0,34.14,26.95,263,766,50,465,9,0,0,0
2024-09-30 15:38:27,0,0,0,0,0,0,0,0,0,0,0,0,0,0,0,0,0,0,0,0,34.15,26.9,260,762,51,470,9,0,0,0
2024-09-30 15:38:37,0,0,0,0,0,0,0,0,0,0,0,0,0,0,0,0,0,0,0,0,34.15,26.88,252,754,53,476,9,0,0,0
2024-09-30 15:38:47,0,0,0,0,0,0,0,0,0,0,0,0,0,0,0,0,0,0,0,0,34.2,27,293,797,58,556,9,0,0,0
2024-09-30 15:38:57,0,0,0,0,0,0,0,0,0,0,0,0,0,0,0,0,0,0,0,0,34.32,26.85,298,800,75,551,9,0,0,0
2024-09-30 15:39:07,0,0,0,0,0,0,0,0,0,0,0,0,0,0,0,0,0,0,0,0,34.27,26.83,310,805,75,504,9,0,0,0
2024-09-30 15:39:17,0,0,0,0,0,0,0,0,0,0,0,0,0,0,0,0,0,0,0,0,34.21,26.85,279,783,56,502,9,0,0,0
2024-09-30 15:39:27,0,0,0,0,0,0,0,0,0,0,0,0,0,0,0,0,0,0,0,0,34.27,26.89,282,785,58,518,9,0,0,0
2024-09-30 15:39:37,0,0,0,0,0,0,0,0,0,0,0,0,0,0,0,0,0,0,0,0,34.24,26.95,298,800,83,554,9,0,0,0
2024-09-30 15:39:48,0,0,0,0,0,0,0,0,0,0,0,0,0,0,0,0,0,0,0,0,34.19,26.98,303,802,65,526,9,0,0,0
2024-09-30 15:39:58,0,0,0,0,0,0,0,0,0,0,0,0,0,0,0,0,0,0,0,0,34.14,27.52,314,806,90,764,7,0,0,0
2024-09-30 15:40:08,0,0,0,0,0,0,0,0,0,0,0,0,0,0,0,0,0,0,0,0,34.13,28.11,518,872,222,1927,7,0,0,0
2024-09-30 15:40:18,0,0,0,0,0,0,0,0,0,0,0,0,0,0,0,0,0,0,0,0,34.17,27.65,1084,1022,422,1472,7,0,0,0
2024-09-30 15:40:28,0,0,0,0,0,0,0,0,0,0,0,0,0,0,0,0,0,0,0,0,34.16,27.51,684,919,249,692,7,0,0,0
2024-09-30 15:40:38,0,0,0,0,0,0,0,0,0,0,0,0,0,0,0,0,0,0,0,0,34.11,27.41,837,961,224,769,7,0,0,0
2024-09-30 15:40:49,0,0,0,0,0,0,0,0,0,0,0,0,0,0,0,0,0,0,0,0,34.17,27.21,562,885,189,653,7,0,0,0
2024-09-30 15:40:59,0,0,0,0,0,0,0,0,0,0,0,0,0,0,0,0,0,0,0,0,34.15,27.18,462,854,149,605,7,0,0,0
2024-09-30 15:41:09,0,0,0,0,0,0,0,0,0,0,0,0,0,0,0,0,0,0,0,0,34.1,27.25,418,841,144,590,7,0,0,0
2024-09-30 15:41:19,0,0,0,0,0,0,0,0,0,0,0,0,0,0,0,0,0,0,0,0,34.03,27.29,388,831,133,553,7,0,0,0
2024-09-30 15:41:29,0,0,0,0,0,0,0,0,0,0,0,0,0,0,0,0,0,0,0,0,34.02,27.26,370,825,121,543,7,0,0,0
2024-09-30 15:41:39,0,0,0,0,0,0,0,0,0,0,0,0,0,0,0,0,0,0,0,0,34.03,27.27,353,819,111,528,7,0,0,0
2024-09-30 15:41:49,0,0,0,0,0,0,0,0,0,0,0,0,0,0,0,0,0,0,0,0,33.99,27.28,338,814,100,524,7,0,0,0
2024-09-30 15:42:00,0,0,0,0,0,0,0,0,0,0,0,0,0,0,0,0,0,0,0,0,33.98,27.3,336,813,88,520,7,0,0,0
2024-09-30 15:42:10,0,0,0,0,0,0,0,0,0,0,0,0,0,0,0,0,0,0,0,0,33.97,27.31,300,801,97,520,7,0,0,0
2024-09-30 15:42:20,0,0,0,0,0,0,0,0,0,0,0,0,0,0,0,0,0,0,0,0,34,27.26,310,804,92,518,7,0,0,0
2024-09-30 15:42:30,0,0,0,0,0,0,0,0,0,0,0,0,0,0,0,0,0,0,0,0,33.97,27.3,315,806,84,497,7,0,0,0
2024-09-30 15:42:40,0,0,0,0,0,0,0,0,0,0,0,0,0,0,0,0,0,0,0,0,33.98,27.32,318,807,84,509,7,0,0,0
2024-09-30 15:42:50,0,0,0,0,0,0,0,0,0,0,0,0,0,0,0,0,0,0,0,0,34,27.33,315,806,91,521,7,0,0,0
2024-09-30 15:43:00,0,0,0,0,0,0,0,0,0,0,0,0,0,0,0,0,0,0,0,0,33.99,27.31,307,804,80,513,7,0,0,0
2024-09-30 15:43:11,0,0,0,0,0,0,0,0,0,0,0,0,0,0,0,0,0,0,0,0,34,27.31,296,800,77,520,7,0,0,0
2024-09-30 15:43:21,0,0,0,0,0,0,0,0,0,0,0,0,0,0,0,0,0,0,0,0,33.98,27.37,301,801,93,505,7,0,0,0
2024-09-30 15:43:31,0,0,0,0,0,0,0,0,0,0,0,0,0,0,0,0,0,0,0,0,33.97,27.38,306,803,81,539,7,0,0,0
2024-09-30 15:43:41,0,0,0,0,0,0,0,0,0,0,0,0,0,0,0,0,0,0,0,0,33.96,27.41,290,794,71,514,7,0,0,0
2024-09-30 15:43:51,0,0,0,0,0,0,0,0,0,0,0,0,0,0,0,0,0,0,0,0,33.99,27.38,302,802,78,528,7,0,0,0
2024-09-30 15:44:01,0,0,0,0,0,0,0,0,0,0,0,0,0,0,0,0,0,0,0,0,34.02,27.37,300,801,84,537,7,0,0,0
2024-09-30 15:44:11,0,0,0,0,0,0,0,0,0,0,0,0,0,0,0,0,0,0,0,0,34.04,27.32,293,797,62,507,7,0,0,0
